[Link],link_id,from_node_id,to_node_id,direction,length,number_of_lanes,speed_limit,lane_capacity_in_vhc_per_hour,link_type,jam_density,wave_speed,mode_code,grade,geometry,original_geometry,BPR_alpha_term,BPR_beta_term,number_of_left_turn_lanes,length_of_left_turn_lanes,number_of_right_turn_lanes,length_of_right_turn_lanes,from_approach,to_approach,reversed_link_id
,0,1285,5018,1,0.2384,7,50,2000,1,190,12,,0,"<LineString><coordinates>-111.943368,40.616345,0.0 -111.938848,40.616628,0.0</coordinates></LineString>","<LineString><coordinates>-111.943375,40.616454,0.0 -111.938855,40.616737,0.0</coordinates></LineString>",0.15,4,0,0,0,0,N,N,0
,0,5018,1285,1,0.2384,7,50,2000,1,190,12,,0,"<LineString><coordinates>-111.938862,40.616846,0.0 -111.943382,40.616563,0.0</coordinates></LineString>","<LineString><coordinates>-111.938855,40.616737,0.0 -111.943375,40.616454,0.0</coordinates></LineString>",0.15,4,0,0,0,0,N,N,0
,0,1286,11125,1,0.46596,7,50,2000,1,190,12,,0,"<LineString><coordinates>-111.934312,40.630772,0.0 -111.934080,40.624020,0.0</coordinates></LineString>","<LineString><coordinates>-111.934202,40.630776,0.0 -111.933970,40.624024,0.0</coordinates></LineString>",0.15,4,0,0,0,0,N,N,0
,0,11125,1286,1,0.46596,7,50,2000,1,190,12,,0,"<LineString><coordinates>-111.933860,40.624028,0.0 -111.934092,40.630780,0.0</coordinates></LineString>","<LineString><coordinates>-111.933970,40.624024,0.0 -111.934202,40.630776,0.0</coordinates></LineString>",0.15,4,0,0,0,0,N,N,0
,0,1289,4952,1,0.24269,7,50,2000,1,190,12,,0,"<LineString><coordinates>-111.933869,40.616597,0.0 -111.929252,40.616564,0.0</coordinates></LineString>","<LineString><coordinates>-111.933868,40.616707,0.0 -111.929251,40.616674,0.0</coordinates></LineString>",0.15,4,0,0,0,0,N,N,0
,0,4952,1289,1,0.24269,7,50,2000,1,190,12,,0,"<LineString><coordinates>-111.929250,40.616784,0.0 -111.933867,40.616817,0.0</coordinates></LineString>","<LineString><coordinates>-111.929251,40.616674,0.0 -111.933868,40.616707,0.0</coordinates></LineString>",0.15,4,0,0,0,0,N,N,0
,0,1289,5018,1,0.26213,7,50,2000,1,190,12,,0,"<LineString><coordinates>-111.933867,40.616817,0.0 -111.938854,40.616847,0.0</coordinates></LineString>","<LineString><coordinates>-111.933868,40.616707,0.0 -111.938855,40.616737,0.0</coordinates></LineString>",0.15,4,0,0,0,0,N,N,0
,0,5018,1289,1,0.26213,7,50,2000,1,190,12,,0,"<LineString><coordinates>-111.938856,40.616627,0.0 -111.933869,40.616597,0.0</coordinates></LineString>","<LineString><coordinates>-111.938855,40.616737,0.0 -111.933868,40.616707,0.0</coordinates></LineString>",0.15,4,0,0,0,0,N,N,0
,0,1289,11124,1,0.50688,7,50,2000,1,190,12,,0,"<LineString><coordinates>-111.933973,40.616677,0.0 -111.931924,40.609496,0.0</coordinates></LineString>","<LineString><coordinates>-111.933868,40.616707,0.0 -111.931819,40.609526,0.0</coordinates></LineString>",0.15,4,0,0,0,0,N,N,0
,0,11124,1289,1,0.50688,7,50,2000,1,190,12,,0,"<LineString><coordinates>-111.931714,40.609556,0.0 -111.933763,40.616737,0.0</coordinates></LineString>","<LineString><coordinates>-111.931819,40.609526,0.0 -111.933868,40.616707,0.0</coordinates></LineString>",0.15,4,0,0,0,0,N,N,0
,0,1289,11125,1,0.50472,7,50,2000,1,190,12,,0,"<LineString><coordinates>-111.933758,40.616709,0.0 -111.933860,40.624026,0.0</coordinates></LineString>","<LineString><coordinates>-111.933868,40.616707,0.0 -111.933970,40.624024,0.0</coordinates></LineString>",0.15,4,0,0,0,0,N,N,0
,0,11125,1289,1,0.50472,7,50,2000,1,190,12,,0,"<LineString><coordinates>-111.934080,40.624022,0.0 -111.933978,40.616705,0.0</coordinates></LineString>","<LineString><coordinates>-111.933970,40.624024,0.0 -111.933868,40.616707,0.0</coordinates></LineString>",0.15,4,0,0,0,0,N,N,0
,0,1290,4952,1,0.25162,7,50,2000,1,190,12,,0,"<LineString><coordinates>-111.924513,40.617243,0.0 -111.929262,40.616783,0.0</coordinates></LineString>","<LineString><coordinates>-111.924502,40.617134,0.0 -111.929251,40.616674,0.0</coordinates></LineString>",0.15,4,0,0,0,0,N,N,0
,0,4952,1290,1,0.25162,7,50,2000,1,190,12,,0,"<LineString><coordinates>-111.929240,40.616565,0.0 -111.924491,40.617025,0.0</coordinates></LineString>","<LineString><coordinates>-111.929251,40.616674,0.0 -111.924502,40.617134,0.0</coordinates></LineString>",0.15,4,0,0,0,0,N,N,0
,0,1296,5240,1,0.20561,7,50,2000,1,190,12,,0,"<LineString><coordinates>-111.915611,40.613616,0.0 -111.911902,40.614563,0.0</coordinates></LineString>","<LineString><coordinates>-111.915638,40.613722,0.0 -111.911929,40.614669,0.0</coordinates></LineString>",0.15,4,0,0,0,0,N,N,0
,0,5240,1296,1,0.20561,7,50,2000,1,190,12,,0,"<LineString><coordinates>-111.911956,40.614775,0.0 -111.915665,40.613828,0.0</coordinates></LineString>","<LineString><coordinates>-111.911929,40.614669,0.0 -111.915638,40.613722,0.0</coordinates></LineString>",0.15,4,0,0,0,0,N,N,0
,0,1299,4958,1,0.19875,7,50,2000,1,190,12,,0,"<LineString><coordinates>-111.907974,40.616248,0.0 -111.910152,40.618603,0.0</coordinates></LineString>","<LineString><coordinates>-111.908054,40.616174,0.0 -111.910232,40.618529,0.0</coordinates></LineString>",0.15,4,0,0,0,0,N,N,0
,0,4958,1299,1,0.19875,7,50,2000,1,190,12,,0,"<LineString><coordinates>-111.910312,40.618455,0.0 -111.908134,40.616100,0.0</coordinates></LineString>","<LineString><coordinates>-111.910232,40.618529,0.0 -111.908054,40.616174,0.0</coordinates></LineString>",0.15,4,0,0,0,0,N,N,0
,0,1299,11129,1,0.36367,7,50,2000,1,190,12,,0,"<LineString><coordinates>-111.908163,40.616165,0.0 -111.907748,40.610902,0.0</coordinates></LineString>","<LineString><coordinates>-111.908054,40.616174,0.0 -111.907639,40.610911,0.0</coordinates></LineString>",0.15,4,0,0,0,0,N,N,0
,0,11129,1299,1,0.36367,7,50,2000,1,190,12,,0,"<LineString><coordinates>-111.907530,40.610920,0.0 -111.907945,40.616183,0.0</coordinates></LineString>","<LineString><coordinates>-111.907639,40.610911,0.0 -111.908054,40.616174,0.0</coordinates></LineString>",0.15,4,0,0,0,0,N,N,0
,0,1314,11146,1,0.27578,7,50,2000,1,190,12,,0,"<LineString><coordinates>-111.944083,40.606217,0.0 -111.938867,40.605789,0.0</coordinates></LineString>","<LineString><coordinates>-111.944074,40.606326,0.0 -111.938858,40.605898,0.0</coordinates></LineString>",0.15,4,0,0,0,0,N,N,0
,0,11146,1314,1,0.27578,7,50,2000,1,190,12,,0,"<LineString><coordinates>-111.938849,40.606007,0.0 -111.944065,40.606435,0.0</coordinates></LineString>","<LineString><coordinates>-111.938858,40.605898,0.0 -111.944074,40.606326,0.0</coordinates></LineString>",0.15,4,0,0,0,0,N,N,0
,0,1316,11148,1,0.26081,7,50,2000,1,190,12,,0,"<LineString><coordinates>-111.943542,40.597899,0.0 -111.938770,40.598932,0.0</coordinates></LineString>","<LineString><coordinates>-111.943565,40.598006,0.0 -111.938793,40.599039,0.0</coordinates></LineString>",0.15,4,0,0,0,0,N,N,0
,0,11148,1316,1,0.26081,7,50,2000,1,190,12,,0,"<LineString><coordinates>-111.938816,40.599146,0.0 -111.943588,40.598113,0.0</coordinates></LineString>","<LineString><coordinates>-111.938793,40.599039,0.0 -111.943565,40.598006,0.0</coordinates></LineString>",0.15,4,0,0,0,0,N,N,0
,0,1318,11160,1,0.23835,7,50,2000,1,190,12,,0,"<LineString><coordinates>-111.943412,40.590781,0.0 -111.938879,40.590734,0.0</coordinates></LineString>","<LineString><coordinates>-111.943411,40.590891,0.0 -111.938878,40.590844,0.0</coordinates></LineString>",0.15,4,0,0,0,0,N,N,0
,0,11160,1318,1,0.23835,7,50,2000,1,190,12,,0,"<LineString><coordinates>-111.938877,40.590954,0.0 -111.943410,40.591001,0.0</coordinates></LineString>","<LineString><coordinates>-111.938878,40.590844,0.0 -111.943411,40.590891,0.0</coordinates></LineString>",0.15,4,0,0,0,0,N,N,0
,0,1319,11124,1,0.20536,7,50,2000,1,190,12,,0,"<LineString><coordinates>-111.934336,40.607214,0.0 -111.931747,40.609443,0.0</coordinates></LineString>","<LineString><coordinates>-111.934408,40.607297,0.0 -111.931819,40.609526,0.0</coordinates></LineString>",0.15,4,0,0,0,0,N,N,0
,0,11124,1319,1,0.20536,7,50,2000,1,190,12,,0,"<LineString><coordinates>-111.931891,40.609609,0.0 -111.934480,40.607380,0.0</coordinates></LineString>","<LineString><coordinates>-111.931819,40.609526,0.0 -111.934408,40.607297,0.0</coordinates></LineString>",0.15,4,0,0,0,0,N,N,0
,0,1320,5820,1,0.34452,7,50,2000,1,190,12,,0,"<LineString><coordinates>-111.934090,40.599902,0.0 -111.929205,40.603230,0.0</coordinates></LineString>","<LineString><coordinates>-111.934152,40.599993,0.0 -111.929267,40.603321,0.0</coordinates></LineString>",0.15,4,0,0,0,0,N,N,0
,0,5820,1320,1,0.34452,7,50,2000,1,190,12,,0,"<LineString><coordinates>-111.929329,40.603412,0.0 -111.934214,40.600084,0.0</coordinates></LineString>","<LineString><coordinates>-111.929267,40.603321,0.0 -111.934152,40.599993,0.0</coordinates></LineString>",0.15,4,0,0,0,0,N,N,0
,0,1320,11148,1,0.25271,7,50,2000,1,190,12,,0,"<LineString><coordinates>-111.934174,40.600100,0.0 -111.938815,40.599146,0.0</coordinates></LineString>","<LineString><coordinates>-111.934152,40.599993,0.0 -111.938793,40.599039,0.0</coordinates></LineString>",0.15,4,0,0,0,0,N,N,0
,0,11148,1320,1,0.25271,7,50,2000,1,190,12,,0,"<LineString><coordinates>-111.938771,40.598932,0.0 -111.934130,40.599886,0.0</coordinates></LineString>","<LineString><coordinates>-111.938793,40.599039,0.0 -111.934152,40.599993,0.0</coordinates></LineString>",0.15,4,0,0,0,0,N,N,0
,0,1322,5589,1,0.22293,7,50,2000,1,190,12,,0,"<LineString><coordinates>-111.934458,40.590996,0.0 -111.934172,40.587771,0.0</coordinates></LineString>","<LineString><coordinates>-111.934349,40.591006,0.0 -111.934063,40.587781,0.0</coordinates></LineString>",0.15,4,0,0,0,0,N,N,0
,0,5589,1322,1,0.22293,7,50,2000,1,190,12,,0,"<LineString><coordinates>-111.933954,40.587791,0.0 -111.934240,40.591016,0.0</coordinates></LineString>","<LineString><coordinates>-111.934063,40.587781,0.0 -111.934349,40.591006,0.0</coordinates></LineString>",0.15,4,0,0,0,0,N,N,0
,0,1322,11161,1,0.26698,7,50,2000,1,190,12,,0,"<LineString><coordinates>-111.934348,40.590896,0.0 -111.929271,40.590937,0.0</coordinates></LineString>","<LineString><coordinates>-111.934349,40.591006,0.0 -111.929272,40.591047,0.0</coordinates></LineString>",0.15,4,0,0,0,0,N,N,0
,0,11161,1322,1,0.26698,7,50,2000,1,190,12,,0,"<LineString><coordinates>-111.929273,40.591157,0.0 -111.934350,40.591116,0.0</coordinates></LineString>","<LineString><coordinates>-111.929272,40.591047,0.0 -111.934349,40.591006,0.0</coordinates></LineString>",0.15,4,0,0,0,0,N,N,0
,0,1323,5592,1,0.26972,7,50,2000,1,190,12,,0,"<LineString><coordinates>-111.921526,40.591630,0.0 -111.922283,40.587763,0.0</coordinates></LineString>","<LineString><coordinates>-111.921418,40.591609,0.0 -111.922175,40.587742,0.0</coordinates></LineString>",0.15,4,0,0,0,0,N,N,0
,0,5592,1323,1,0.26972,7,50,2000,1,190,12,,0,"<LineString><coordinates>-111.922067,40.587721,0.0 -111.921310,40.591588,0.0</coordinates></LineString>","<LineString><coordinates>-111.922175,40.587742,0.0 -111.921418,40.591609,0.0</coordinates></LineString>",0.15,4,0,0,0,0,N,N,0
,0,1325,10853,1,0.15826,7,50,2000,1,190,12,,0,"<LineString><coordinates>-111.907450,40.592234,0.0 -111.904441,40.592275,0.0</coordinates></LineString>","<LineString><coordinates>-111.907451,40.592344,0.0 -111.904442,40.592385,0.0</coordinates></LineString>",0.15,4,0,0,0,0,N,N,0
,0,10853,1325,1,0.15826,7,50,2000,1,190,12,,0,"<LineString><coordinates>-111.904443,40.592495,0.0 -111.907452,40.592454,0.0</coordinates></LineString>","<LineString><coordinates>-111.904442,40.592385,0.0 -111.907451,40.592344,0.0</coordinates></LineString>",0.15,4,0,0,0,0,N,N,0
,0,1346,11172,1,0.25177,7,50,2000,1,190,12,,0,"<LineString><coordinates>-111.943603,40.583982,0.0 -111.938817,40.584061,0.0</coordinates></LineString>","<LineString><coordinates>-111.943605,40.584092,0.0 -111.938819,40.584171,0.0</coordinates></LineString>",0.15,4,0,0,0,0,N,N,0
,0,11172,1346,1,0.25177,7,50,2000,1,190,12,,0,"<LineString><coordinates>-111.938821,40.584281,0.0 -111.943607,40.584202,0.0</coordinates></LineString>","<LineString><coordinates>-111.938819,40.584171,0.0 -111.943605,40.584092,0.0</coordinates></LineString>",0.15,4,0,0,0,0,N,N,0
,0,1348,5210,1,0.25253,7,50,2000,1,190,12,,0,"<LineString><coordinates>-111.943543,40.576875,0.0 -111.938742,40.576851,0.0</coordinates></LineString>","<LineString><coordinates>-111.943542,40.576985,0.0 -111.938741,40.576961,0.0</coordinates></LineString>",0.15,4,0,0,0,0,N,N,0
,0,5210,1348,1,0.25253,7,50,2000,1,190,12,,0,"<LineString><coordinates>-111.938740,40.577071,0.0 -111.943541,40.577095,0.0</coordinates></LineString>","<LineString><coordinates>-111.938741,40.576961,0.0 -111.943542,40.576985,0.0</coordinates></LineString>",0.15,4,0,0,0,0,N,N,0
,0,1349,5210,1,0.23091,7,50,2000,1,190,12,,0,"<LineString><coordinates>-111.934350,40.576980,0.0 -111.938739,40.577071,0.0</coordinates></LineString>","<LineString><coordinates>-111.934352,40.576870,0.0 -111.938741,40.576961,0.0</coordinates></LineString>",0.15,4,0,0,0,0,N,N,0
,0,5210,1349,1,0.23091,7,50,2000,1,190,12,,0,"<LineString><coordinates>-111.938743,40.576851,0.0 -111.934354,40.576760,0.0</coordinates></LineString>","<LineString><coordinates>-111.938741,40.576961,0.0 -111.934352,40.576870,0.0</coordinates></LineString>",0.15,4,0,0,0,0,N,N,0
,0,1349,5219,1,0.27261,7,50,2000,1,190,12,,0,"<LineString><coordinates>-111.934355,40.576760,0.0 -111.929175,40.576630,0.0</coordinates></LineString>","<LineString><coordinates>-111.934352,40.576870,0.0 -111.929172,40.576740,0.0</coordinates></LineString>",0.15,4,0,0,0,0,N,N,0
,0,5219,1349,1,0.27261,7,50,2000,1,190,12,,0,"<LineString><coordinates>-111.929169,40.576850,0.0 -111.934349,40.576980,0.0</coordinates></LineString>","<LineString><coordinates>-111.929172,40.576740,0.0 -111.934352,40.576870,0.0</coordinates></LineString>",0.15,4,0,0,0,0,N,N,0
,0,1349,11181,1,0.30911,7,50,2000,1,190,12,,0,"<LineString><coordinates>-111.934434,40.576797,0.0 -111.931113,40.573100,0.0</coordinates></LineString>","<LineString><coordinates>-111.934352,40.576870,0.0 -111.931031,40.573173,0.0</coordinates></LineString>",0.15,4,0,0,0,0,N,N,0
,0,11181,1349,1,0.30911,7,50,2000,1,190,12,,0,"<LineString><coordinates>-111.930949,40.573246,0.0 -111.934270,40.576943,0.0</coordinates></LineString>","<LineString><coordinates>-111.931031,40.573173,0.0 -111.934352,40.576870,0.0</coordinates></LineString>",0.15,4,0,0,0,0,N,N,0
,0,1351,5209,1,0.25241,7,50,2000,1,190,12,,0,"<LineString><coordinates>-111.943533,40.567891,0.0 -111.938736,40.567973,0.0</coordinates></LineString>","<LineString><coordinates>-111.943535,40.568001,0.0 -111.938738,40.568083,0.0</coordinates></LineString>",0.15,4,0,0,0,0,N,N,0
,0,5209,1351,1,0.25241,7,50,2000,1,190,12,,0,"<LineString><coordinates>-111.938740,40.568193,0.0 -111.943537,40.568111,0.0</coordinates></LineString>","<LineString><coordinates>-111.938738,40.568083,0.0 -111.943535,40.568001,0.0</coordinates></LineString>",0.15,4,0,0,0,0,N,N,0
,0,1352,5209,1,0.25159,7,50,2000,1,190,12,,0,"<LineString><coordinates>-111.933958,40.567986,0.0 -111.938733,40.568193,0.0</coordinates></LineString>","<LineString><coordinates>-111.933963,40.567876,0.0 -111.938738,40.568083,0.0</coordinates></LineString>",0.15,4,0,0,0,0,N,N,0
,0,5209,1352,1,0.25159,7,50,2000,1,190,12,,0,"<LineString><coordinates>-111.938743,40.567973,0.0 -111.933968,40.567766,0.0</coordinates></LineString>","<LineString><coordinates>-111.938738,40.568083,0.0 -111.933963,40.567876,0.0</coordinates></LineString>",0.15,4,0,0,0,0,N,N,0
,0,1352,6256,1,0.25401,7,50,2000,1,190,12,,0,"<LineString><coordinates>-111.933959,40.567766,0.0 -111.929135,40.567934,0.0</coordinates></LineString>","<LineString><coordinates>-111.933963,40.567876,0.0 -111.929139,40.568044,0.0</coordinates></LineString>",0.15,4,0,0,0,0,N,N,0
,0,6256,1352,1,0.25401,7,50,2000,1,190,12,,0,"<LineString><coordinates>-111.929143,40.568154,0.0 -111.933967,40.567986,0.0</coordinates></LineString>","<LineString><coordinates>-111.929139,40.568044,0.0 -111.933963,40.567876,0.0</coordinates></LineString>",0.15,4,0,0,0,0,N,N,0
,0,1352,11181,1,0.3966,7,50,2000,1,190,12,,0,"<LineString><coordinates>-111.933867,40.567823,0.0 -111.930935,40.573120,0.0</coordinates></LineString>","<LineString><coordinates>-111.933963,40.567876,0.0 -111.931031,40.573173,0.0</coordinates></LineString>",0.15,4,0,0,0,0,N,N,0
,0,11181,1352,1,0.3966,7,50,2000,1,190,12,,0,"<LineString><coordinates>-111.931127,40.573226,0.0 -111.934059,40.567929,0.0</coordinates></LineString>","<LineString><coordinates>-111.931031,40.573173,0.0 -111.933963,40.567876,0.0</coordinates></LineString>",0.15,4,0,0,0,0,N,N,0
,0,1352,11261,1,0.38626,7,50,2000,1,190,12,,0,"<LineString><coordinates>-111.934072,40.567889,0.0 -111.934721,40.562311,0.0</coordinates></LineString>","<LineString><coordinates>-111.933963,40.567876,0.0 -111.934612,40.562298,0.0</coordinates></LineString>",0.15,4,0,0,0,0,N,N,0
,0,11261,1352,1,0.38626,7,50,2000,1,190,12,,0,"<LineString><coordinates>-111.934503,40.562285,0.0 -111.933854,40.567863,0.0</coordinates></LineString>","<LineString><coordinates>-111.934612,40.562298,0.0 -111.933963,40.567876,0.0</coordinates></LineString>",0.15,4,0,0,0,0,N,N,0
,0,1353,5589,1,0.25639,7,50,2000,1,190,12,,0,"<LineString><coordinates>-111.934157,40.584062,0.0 -111.933954,40.587775,0.0</coordinates></LineString>","<LineString><coordinates>-111.934266,40.584068,0.0 -111.934063,40.587781,0.0</coordinates></LineString>",0.15,4,0,0,0,0,N,N,0
,0,5589,1353,1,0.25639,7,50,2000,1,190,12,,0,"<LineString><coordinates>-111.934172,40.587787,0.0 -111.934375,40.584074,0.0</coordinates></LineString>","<LineString><coordinates>-111.934063,40.587781,0.0 -111.934266,40.584068,0.0</coordinates></LineString>",0.15,4,0,0,0,0,N,N,0
,0,1353,11172,1,0.23952,7,50,2000,1,190,12,,0,"<LineString><coordinates>-111.934264,40.584178,0.0 -111.938817,40.584281,0.0</coordinates></LineString>","<LineString><coordinates>-111.934266,40.584068,0.0 -111.938819,40.584171,0.0</coordinates></LineString>",0.15,4,0,0,0,0,N,N,0
,0,11172,1353,1,0.23952,7,50,2000,1,190,12,,0,"<LineString><coordinates>-111.938821,40.584061,0.0 -111.934268,40.583958,0.0</coordinates></LineString>","<LineString><coordinates>-111.938819,40.584171,0.0 -111.934266,40.584068,0.0</coordinates></LineString>",0.15,4,0,0,0,0,N,N,0
,0,1353,11173,1,0.26483,7,50,2000,1,190,12,,0,"<LineString><coordinates>-111.934259,40.583959,0.0 -111.929239,40.584260,0.0</coordinates></LineString>","<LineString><coordinates>-111.934266,40.584068,0.0 -111.929246,40.584369,0.0</coordinates></LineString>",0.15,4,0,0,0,0,N,N,0
,0,11173,1353,1,0.26483,7,50,2000,1,190,12,,0,"<LineString><coordinates>-111.929253,40.584478,0.0 -111.934273,40.584177,0.0</coordinates></LineString>","<LineString><coordinates>-111.929246,40.584369,0.0 -111.934266,40.584068,0.0</coordinates></LineString>",0.15,4,0,0,0,0,N,N,0
,0,1354,5592,1,0.26274,7,50,2000,1,190,12,,0,"<LineString><coordinates>-111.923324,40.584019,0.0 -111.922071,40.587707,0.0</coordinates></LineString>","<LineString><coordinates>-111.923428,40.584054,0.0 -111.922175,40.587742,0.0</coordinates></LineString>",0.15,4,0,0,0,0,N,N,0
,0,5592,1354,1,0.26274,7,50,2000,1,190,12,,0,"<LineString><coordinates>-111.922279,40.587777,0.0 -111.923532,40.584089,0.0</coordinates></LineString>","<LineString><coordinates>-111.922175,40.587742,0.0 -111.923428,40.584054,0.0</coordinates></LineString>",0.15,4,0,0,0,0,N,N,0
,0,1354,11173,1,0.30673,7,50,2000,1,190,12,,0,"<LineString><coordinates>-111.923422,40.584163,0.0 -111.929240,40.584478,0.0</coordinates></LineString>","<LineString><coordinates>-111.923428,40.584054,0.0 -111.929246,40.584369,0.0</coordinates></LineString>",0.15,4,0,0,0,0,N,N,0
,0,11173,1354,1,0.30673,7,50,2000,1,190,12,,0,"<LineString><coordinates>-111.929252,40.584260,0.0 -111.923434,40.583945,0.0</coordinates></LineString>","<LineString><coordinates>-111.929246,40.584369,0.0 -111.923428,40.584054,0.0</coordinates></LineString>",0.15,4,0,0,0,0,N,N,0
,0,1355,5219,1,0.23286,7,50,2000,1,190,12,,0,"<LineString><coordinates>-111.924743,40.576742,0.0 -111.929169,40.576850,0.0</coordinates></LineString>","<LineString><coordinates>-111.924746,40.576632,0.0 -111.929172,40.576740,0.0</coordinates></LineString>",0.15,4,0,0,0,0,N,N,0
,0,5219,1355,1,0.23286,7,50,2000,1,190,12,,0,"<LineString><coordinates>-111.929175,40.576630,0.0 -111.924749,40.576522,0.0</coordinates></LineString>","<LineString><coordinates>-111.929172,40.576740,0.0 -111.924746,40.576632,0.0</coordinates></LineString>",0.15,4,0,0,0,0,N,N,0
,0,1355,11183,1,0.29515,7,50,2000,1,190,12,,0,"<LineString><coordinates>-111.924850,40.576598,0.0 -111.923510,40.572443,0.0</coordinates></LineString>","<LineString><coordinates>-111.924746,40.576632,0.0 -111.923406,40.572477,0.0</coordinates></LineString>",0.15,4,0,0,0,0,N,N,0
,0,11183,1355,1,0.29515,7,50,2000,1,190,12,,0,"<LineString><coordinates>-111.923302,40.572511,0.0 -111.924642,40.576666,0.0</coordinates></LineString>","<LineString><coordinates>-111.923406,40.572477,0.0 -111.924746,40.576632,0.0</coordinates></LineString>",0.15,4,0,0,0,0,N,N,0
,0,1356,6255,1,0.25269,7,50,2000,1,190,12,,0,"<LineString><coordinates>-111.924145,40.567072,0.0 -111.919657,40.565766,0.0</coordinates></LineString>","<LineString><coordinates>-111.924114,40.567177,0.0 -111.919626,40.565871,0.0</coordinates></LineString>",0.15,4,0,0,0,0,N,N,0
,0,6255,1356,1,0.25269,7,50,2000,1,190,12,,0,"<LineString><coordinates>-111.919595,40.565976,0.0 -111.924083,40.567282,0.0</coordinates></LineString>","<LineString><coordinates>-111.919626,40.565871,0.0 -111.924114,40.567177,0.0</coordinates></LineString>",0.15,4,0,0,0,0,N,N,0
,0,1356,6256,1,0.27101,7,50,2000,1,190,12,,0,"<LineString><coordinates>-111.924095,40.567285,0.0 -111.929120,40.568152,0.0</coordinates></LineString>","<LineString><coordinates>-111.924114,40.567177,0.0 -111.929139,40.568044,0.0</coordinates></LineString>",0.15,4,0,0,0,0,N,N,0
,0,6256,1356,1,0.27101,7,50,2000,1,190,12,,0,"<LineString><coordinates>-111.929158,40.567936,0.0 -111.924133,40.567069,0.0</coordinates></LineString>","<LineString><coordinates>-111.929139,40.568044,0.0 -111.924114,40.567177,0.0</coordinates></LineString>",0.15,4,0,0,0,0,N,N,0
,0,1356,11183,1,0.36741,7,50,2000,1,190,12,,0,"<LineString><coordinates>-111.924005,40.567162,0.0 -111.923297,40.572462,0.0</coordinates></LineString>","<LineString><coordinates>-111.924114,40.567177,0.0 -111.923406,40.572477,0.0</coordinates></LineString>",0.15,4,0,0,0,0,N,N,0
,0,11183,1356,1,0.36741,7,50,2000,1,190,12,,0,"<LineString><coordinates>-111.923515,40.572492,0.0 -111.924223,40.567192,0.0</coordinates></LineString>","<LineString><coordinates>-111.923406,40.572477,0.0 -111.924114,40.567177,0.0</coordinates></LineString>",0.15,4,0,0,0,0,N,N,0
,0,1356,11259,1,0.38227,7,50,2000,1,190,12,,0,"<LineString><coordinates>-111.924212,40.567227,0.0 -111.926835,40.562059,0.0</coordinates></LineString>","<LineString><coordinates>-111.924114,40.567177,0.0 -111.926737,40.562009,0.0</coordinates></LineString>",0.15,4,0,0,0,0,N,N,0
,0,11259,1356,1,0.38227,7,50,2000,1,190,12,,0,"<LineString><coordinates>-111.926639,40.561959,0.0 -111.924016,40.567127,0.0</coordinates></LineString>","<LineString><coordinates>-111.926737,40.562009,0.0 -111.924114,40.567177,0.0</coordinates></LineString>",0.15,4,0,0,0,0,N,N,0
,0,1357,5174,1,0.41709,7,50,2000,1,190,12,,0,"<LineString><coordinates>-111.914411,40.565101,0.0 -111.913978,40.559063,0.0</coordinates></LineString>","<LineString><coordinates>-111.914302,40.565109,0.0 -111.913869,40.559071,0.0</coordinates></LineString>",0.15,4,0,0,0,0,N,N,0
,0,5174,1357,1,0.41709,7,50,2000,1,190,12,,0,"<LineString><coordinates>-111.913760,40.559079,0.0 -111.914193,40.565117,0.0</coordinates></LineString>","<LineString><coordinates>-111.913869,40.559071,0.0 -111.914302,40.565109,0.0</coordinates></LineString>",0.15,4,0,0,0,0,N,N,0
,0,1357,5588,1,0.49549,7,50,2000,1,190,12,,0,"<LineString><coordinates>-111.914200,40.565149,0.0 -111.916916,40.572028,0.0</coordinates></LineString>","<LineString><coordinates>-111.914302,40.565109,0.0 -111.917018,40.571988,0.0</coordinates></LineString>",0.15,4,0,0,0,0,N,N,0
,0,5588,1357,1,0.49549,7,50,2000,1,190,12,,0,"<LineString><coordinates>-111.917120,40.571948,0.0 -111.914404,40.565069,0.0</coordinates></LineString>","<LineString><coordinates>-111.917018,40.571988,0.0 -111.914302,40.565109,0.0</coordinates></LineString>",0.15,4,0,0,0,0,N,N,0
,0,1357,6255,1,0.28494,7,50,2000,1,190,12,,0,"<LineString><coordinates>-111.914286,40.565218,0.0 -111.919610,40.565980,0.0</coordinates></LineString>","<LineString><coordinates>-111.914302,40.565109,0.0 -111.919626,40.565871,0.0</coordinates></LineString>",0.15,4,0,0,0,0,N,N,0
,0,6255,1357,1,0.28494,7,50,2000,1,190,12,,0,"<LineString><coordinates>-111.919642,40.565762,0.0 -111.914318,40.565000,0.0</coordinates></LineString>","<LineString><coordinates>-111.919626,40.565871,0.0 -111.914302,40.565109,0.0</coordinates></LineString>",0.15,4,0,0,0,0,N,N,0
,0,1359,6185,1,0.35856,7,50,2000,1,190,12,,0,"<LineString><coordinates>-111.911857,40.577617,0.0 -111.905547,40.575649,0.0</coordinates></LineString>","<LineString><coordinates>-111.911824,40.577722,0.0 -111.905514,40.575754,0.0</coordinates></LineString>",0.15,4,0,0,0,0,N,N,0
,0,6185,1359,1,0.35856,7,50,2000,1,190,12,,0,"<LineString><coordinates>-111.905481,40.575859,0.0 -111.911791,40.577827,0.0</coordinates></LineString>","<LineString><coordinates>-111.905514,40.575754,0.0 -111.911824,40.577722,0.0</coordinates></LineString>",0.15,4,0,0,0,0,N,N,0
,0,1360,10850,1,0.16514,7,50,2000,1,190,12,,0,"<LineString><coordinates>-111.901772,40.584120,0.0 -111.904113,40.585715,0.0</coordinates></LineString>","<LineString><coordinates>-111.901834,40.584029,0.0 -111.904175,40.585624,0.0</coordinates></LineString>",0.15,4,0,0,0,0,N,N,0
,0,10850,1360,1,0.16514,7,50,2000,1,190,12,,0,"<LineString><coordinates>-111.904237,40.585533,0.0 -111.901896,40.583938,0.0</coordinates></LineString>","<LineString><coordinates>-111.904175,40.585624,0.0 -111.901834,40.584029,0.0</coordinates></LineString>",0.15,4,0,0,0,0,N,N,0
,0,1360,11489,1,0.23726,7,50,2000,1,190,12,,0,"<LineString><coordinates>-111.901941,40.584055,0.0 -111.902759,40.580673,0.0</coordinates></LineString>","<LineString><coordinates>-111.901834,40.584029,0.0 -111.902652,40.580647,0.0</coordinates></LineString>",0.15,4,0,0,0,0,N,N,0
,0,11489,1360,1,0.23726,7,50,2000,1,190,12,,0,"<LineString><coordinates>-111.902545,40.580621,0.0 -111.901727,40.584003,0.0</coordinates></LineString>","<LineString><coordinates>-111.902652,40.580647,0.0 -111.901834,40.584029,0.0</coordinates></LineString>",0.15,4,0,0,0,0,N,N,0
,0,1361,5728,1,0.17051,7,50,2000,1,190,12,,0,"<LineString><coordinates>-111.902577,40.575611,0.0 -111.900879,40.573506,0.0</coordinates></LineString>","<LineString><coordinates>-111.902492,40.575680,0.0 -111.900794,40.573575,0.0</coordinates></LineString>",0.15,4,0,0,0,0,N,N,0
,0,5728,1361,1,0.17051,7,50,2000,1,190,12,,0,"<LineString><coordinates>-111.900709,40.573644,0.0 -111.902407,40.575749,0.0</coordinates></LineString>","<LineString><coordinates>-111.900794,40.573575,0.0 -111.902492,40.575680,0.0</coordinates></LineString>",0.15,4,0,0,0,0,N,N,0
,0,1397,11261,1,0.61125,7,50,2000,1,190,12,,0,"<LineString><coordinates>-111.936482,40.553541,0.0 -111.934505,40.562274,0.0</coordinates></LineString>","<LineString><coordinates>-111.936589,40.553565,0.0 -111.934612,40.562298,0.0</coordinates></LineString>",0.15,4,0,0,0,0,N,N,0
,0,11261,1397,1,0.61125,7,50,2000,1,190,12,,0,"<LineString><coordinates>-111.934719,40.562322,0.0 -111.936696,40.553589,0.0</coordinates></LineString>","<LineString><coordinates>-111.934612,40.562298,0.0 -111.936589,40.553565,0.0</coordinates></LineString>",0.15,4,0,0,0,0,N,N,0
,0,1404,11257,1,0.13888,7,50,2000,1,190,12,,0,"<LineString><coordinates>-111.908262,40.571772,0.0 -111.908480,40.569766,0.0</coordinates></LineString>","<LineString><coordinates>-111.908153,40.571760,0.0 -111.908371,40.569754,0.0</coordinates></LineString>",0.15,4,0,0,0,0,N,N,0
,0,11257,1404,1,0.13888,7,50,2000,1,190,12,,0,"<LineString><coordinates>-111.908262,40.569742,0.0 -111.908044,40.571748,0.0</coordinates></LineString>","<LineString><coordinates>-111.908371,40.569754,0.0 -111.908153,40.571760,0.0</coordinates></LineString>",0.15,4,0,0,0,0,N,N,0
,0,3689,11507,1,0.09398,2,40,800,4,190,12,,0,"<LineString><coordinates>-111.900756,40.562630,0.0 -111.902535,40.562502,0.0</coordinates></LineString>","<LineString><coordinates>-111.900748,40.562521,0.0 -111.902527,40.562393,0.0</coordinates></LineString>",0.15,4,0,0,0,0,N,N,0
,0,11507,3689,1,0.09398,2,40,800,4,190,12,,0,"<LineString><coordinates>-111.902519,40.562284,0.0 -111.900740,40.562412,0.0</coordinates></LineString>","<LineString><coordinates>-111.902527,40.562393,0.0 -111.900748,40.562521,0.0</coordinates></LineString>",0.15,4,0,0,0,0,N,N,0
,0,4156,10849,1,0.0946,1,40,800,4,190,12,,0,"<LineString><coordinates>-111.901050,40.585599,0.0 -111.900780,40.584243,0.0</coordinates></LineString>","<LineString><coordinates>-111.900942,40.585620,0.0 -111.900672,40.584264,0.0</coordinates></LineString>",0.15,4,0,0,0,0,N,N,0
,0,10849,4156,1,0.0946,1,40,800,4,190,12,,0,"<LineString><coordinates>-111.900564,40.584285,0.0 -111.900834,40.585641,0.0</coordinates></LineString>","<LineString><coordinates>-111.900672,40.584264,0.0 -111.900942,40.585620,0.0</coordinates></LineString>",0.15,4,0,0,0,0,N,N,0
,0,4156,10850,1,0.17003,1,40,800,4,190,12,,0,"<LineString><coordinates>-111.900942,40.585510,0.0 -111.904175,40.585514,0.0</coordinates></LineString>","<LineString><coordinates>-111.900942,40.585620,0.0 -111.904175,40.585624,0.0</coordinates></LineString>",0.15,4,0,0,0,0,N,N,0
,0,10850,4156,1,0.17003,1,40,800,4,190,12,,0,"<LineString><coordinates>-111.904175,40.585514,0.0 -111.900942,40.585510,0.0</coordinates></LineString>","<LineString><coordinates>-111.904175,40.585624,0.0 -111.900942,40.585620,0.0</coordinates></LineString>",0.15,4,0,0,0,0,N,N,0
,0,4804,5106,1,0.26036,1,40,800,4,190,12,,0,"<LineString><coordinates>-111.910417,40.602330,0.0 -111.910378,40.598556,0.0</coordinates></LineString>","<LineString><coordinates>-111.910307,40.602331,0.0 -111.910268,40.598557,0.0</coordinates></LineString>",0.15,4,0,0,0,0,N,N,0
,0,5106,4804,1,0.26036,1,40,800,4,190,12,,0,"<LineString><coordinates>-111.910158,40.598558,0.0 -111.910197,40.602332,0.0</coordinates></LineString>","<LineString><coordinates>-111.910268,40.598557,0.0 -111.910307,40.602331,0.0</coordinates></LineString>",0.15,4,0,0,0,0,N,N,0
,0,4804,5109,1,0.24886,1,40,800,4,190,12,,0,"<LineString><coordinates>-111.910197,40.602331,0.0 -111.910205,40.605939,0.0</coordinates></LineString>","<LineString><coordinates>-111.910307,40.602331,0.0 -111.910315,40.605939,0.0</coordinates></LineString>",0.15,4,0,0,0,0,N,N,0
,0,5109,4804,1,0.24886,1,40,800,4,190,12,,0,"<LineString><coordinates>-111.910425,40.605939,0.0 -111.910417,40.602331,0.0</coordinates></LineString>","<LineString><coordinates>-111.910315,40.605939,0.0 -111.910307,40.602331,0.0</coordinates></LineString>",0.15,4,0,0,0,0,N,N,0
,0,4899,5030,1,0.28262,2,40,800,4,190,12,,0,"<LineString><coordinates>-111.910312,40.625017,0.0 -111.910345,40.620920,0.0</coordinates></LineString>","<LineString><coordinates>-111.910202,40.625016,0.0 -111.910235,40.620919,0.0</coordinates></LineString>",0.15,4,0,0,0,0,N,N,0
,0,5030,4899,1,0.28262,2,40,800,4,190,12,,0,"<LineString><coordinates>-111.910125,40.620918,0.0 -111.910092,40.625015,0.0</coordinates></LineString>","<LineString><coordinates>-111.910235,40.620919,0.0 -111.910202,40.625016,0.0</coordinates></LineString>",0.15,4,0,0,0,0,N,N,0
,0,4952,5022,1,0.50073,1,40,800,4,190,12,,0,"<LineString><coordinates>-111.929361,40.616673,0.0 -111.929273,40.609414,0.0</coordinates></LineString>","<LineString><coordinates>-111.929251,40.616674,0.0 -111.929163,40.609415,0.0</coordinates></LineString>",0.15,4,0,0,0,0,N,N,0
,0,5022,4952,1,0.50073,1,40,800,4,190,12,,0,"<LineString><coordinates>-111.929053,40.609416,0.0 -111.929141,40.616675,0.0</coordinates></LineString>","<LineString><coordinates>-111.929163,40.609415,0.0 -111.929251,40.616674,0.0</coordinates></LineString>",0.15,4,0,0,0,0,N,N,0
,0,4952,5440,1,0.51342,1,40,800,4,190,12,,0,"<LineString><coordinates>-111.929141,40.616673,0.0 -111.929079,40.624116,0.0</coordinates></LineString>","<LineString><coordinates>-111.929251,40.616674,0.0 -111.929189,40.624117,0.0</coordinates></LineString>",0.15,4,0,0,0,0,N,N,0
,0,5440,4952,1,0.51342,1,40,800,4,190,12,,0,"<LineString><coordinates>-111.929299,40.624118,0.0 -111.929361,40.616675,0.0</coordinates></LineString>","<LineString><coordinates>-111.929189,40.624117,0.0 -111.929251,40.616674,0.0</coordinates></LineString>",0.15,4,0,0,0,0,N,N,0
,0,4958,5010,1,0.11872,2,40,1000,3,190,12,,0,"<LineString><coordinates>-111.910342,40.618531,0.0 -111.910378,40.616810,0.0</coordinates></LineString>","<LineString><coordinates>-111.910232,40.618529,0.0 -111.910268,40.616808,0.0</coordinates></LineString>",0.15,4,0,0,0,0,N,N,0
,0,5010,4958,1,0.11872,2,40,1000,3,190,12,,0,"<LineString><coordinates>-111.910158,40.616806,0.0 -111.910122,40.618527,0.0</coordinates></LineString>","<LineString><coordinates>-111.910268,40.616808,0.0 -111.910232,40.618529,0.0</coordinates></LineString>",0.15,4,0,0,0,0,N,N,0
,0,4958,5030,1,0.16481,2,40,1000,3,190,12,,0,"<LineString><coordinates>-111.910122,40.618529,0.0 -111.910125,40.620919,0.0</coordinates></LineString>","<LineString><coordinates>-111.910232,40.618529,0.0 -111.910235,40.620919,0.0</coordinates></LineString>",0.15,4,0,0,0,0,N,N,0
,0,5030,4958,1,0.16481,2,40,1000,3,190,12,,0,"<LineString><coordinates>-111.910345,40.620919,0.0 -111.910342,40.618529,0.0</coordinates></LineString>","<LineString><coordinates>-111.910235,40.620919,0.0 -111.910232,40.618529,0.0</coordinates></LineString>",0.15,4,0,0,0,0,N,N,0
,0,5009,5027,1,0.15079,2,40,1000,3,190,12,,0,"<LineString><coordinates>-111.913165,40.610361,0.0 -111.910307,40.610546,0.0</coordinates></LineString>","<LineString><coordinates>-111.913172,40.610470,0.0 -111.910314,40.610655,0.0</coordinates></LineString>",0.15,4,0,0,0,0,N,N,0
,0,5027,5009,1,0.15079,2,40,1000,3,190,12,,0,"<LineString><coordinates>-111.910321,40.610764,0.0 -111.913179,40.610579,0.0</coordinates></LineString>","<LineString><coordinates>-111.910314,40.610655,0.0 -111.913172,40.610470,0.0</coordinates></LineString>",0.15,4,0,0,0,0,N,N,0
,0,5009,5240,1,0.29691,2,40,1000,3,190,12,,0,"<LineString><coordinates>-111.913067,40.610439,0.0 -111.911824,40.614638,0.0</coordinates></LineString>","<LineString><coordinates>-111.913172,40.610470,0.0 -111.911929,40.614669,0.0</coordinates></LineString>",0.15,4,0,0,0,0,N,N,0
,0,5240,5009,1,0.29691,2,40,1000,3,190,12,,0,"<LineString><coordinates>-111.912034,40.614700,0.0 -111.913277,40.610501,0.0</coordinates></LineString>","<LineString><coordinates>-111.911929,40.614669,0.0 -111.913172,40.610470,0.0</coordinates></LineString>",0.15,4,0,0,0,0,N,N,0
,0,5009,5863,1,0.19037,2,40,1000,3,190,12,,0,"<LineString><coordinates>-111.913178,40.610579,0.0 -111.916790,40.610374,0.0</coordinates></LineString>","<LineString><coordinates>-111.913172,40.610470,0.0 -111.916784,40.610265,0.0</coordinates></LineString>",0.15,4,0,0,0,0,N,N,0
,0,5863,5009,1,0.19037,2,40,1000,3,190,12,,0,"<LineString><coordinates>-111.916778,40.610156,0.0 -111.913166,40.610361,0.0</coordinates></LineString>","<LineString><coordinates>-111.916784,40.610265,0.0 -111.913172,40.610470,0.0</coordinates></LineString>",0.15,4,0,0,0,0,N,N,0
,0,5010,5027,1,0.42445,1,40,1000,3,190,12,,0,"<LineString><coordinates>-111.910378,40.616809,0.0 -111.910424,40.610656,0.0</coordinates></LineString>","<LineString><coordinates>-111.910268,40.616808,0.0 -111.910314,40.610655,0.0</coordinates></LineString>",0.15,4,0,0,0,0,N,N,0
,0,5027,5010,1,0.42445,1,40,1000,3,190,12,,0,"<LineString><coordinates>-111.910204,40.610654,0.0 -111.910158,40.616807,0.0</coordinates></LineString>","<LineString><coordinates>-111.910314,40.610655,0.0 -111.910268,40.616808,0.0</coordinates></LineString>",0.15,4,0,0,0,0,N,N,0
,0,5010,5240,1,0.17146,2,40,1000,3,190,12,,0,"<LineString><coordinates>-111.910355,40.616875,0.0 -111.912016,40.614736,0.0</coordinates></LineString>","<LineString><coordinates>-111.910268,40.616808,0.0 -111.911929,40.614669,0.0</coordinates></LineString>",0.15,4,0,0,0,0,N,N,0
,0,5240,5010,1,0.17146,2,40,1000,3,190,12,,0,"<LineString><coordinates>-111.911842,40.614602,0.0 -111.910181,40.616741,0.0</coordinates></LineString>","<LineString><coordinates>-111.911929,40.614669,0.0 -111.910268,40.616808,0.0</coordinates></LineString>",0.15,4,0,0,0,0,N,N,0
,0,5017,5018,1,0.49801,3,40,1000,2,190,12,,0,"<LineString><coordinates>-111.938641,40.609519,0.0 -111.938745,40.616739,0.0</coordinates></LineString>","<LineString><coordinates>-111.938751,40.609517,0.0 -111.938855,40.616737,0.0</coordinates></LineString>",0.15,4,0,0,0,0,N,N,0
,0,5018,5017,1,0.49801,3,40,1000,2,190,12,,0,"<LineString><coordinates>-111.938965,40.616735,0.0 -111.938861,40.609515,0.0</coordinates></LineString>","<LineString><coordinates>-111.938855,40.616737,0.0 -111.938751,40.609517,0.0</coordinates></LineString>",0.15,4,0,0,0,0,N,N,0
,0,5017,11123,1,0.26222,2,40,1000,3,190,12,,0,"<LineString><coordinates>-111.938751,40.609407,0.0 -111.943739,40.609410,0.0</coordinates></LineString>","<LineString><coordinates>-111.938751,40.609517,0.0 -111.943739,40.609520,0.0</coordinates></LineString>",0.15,4,0,0,0,0,N,N,0
,0,11123,5017,1,0.26222,2,40,1000,3,190,12,,0,"<LineString><coordinates>-111.943739,40.609410,0.0 -111.938751,40.609407,0.0</coordinates></LineString>","<LineString><coordinates>-111.943739,40.609520,0.0 -111.938751,40.609517,0.0</coordinates></LineString>",0.15,4,0,0,0,0,N,N,0
,0,5017,11124,1,0.36441,2,40,1000,3,190,12,,0,"<LineString><coordinates>-111.938751,40.609407,0.0 -111.931819,40.609416,0.0</coordinates></LineString>","<LineString><coordinates>-111.938751,40.609517,0.0 -111.931819,40.609526,0.0</coordinates></LineString>",0.15,4,0,0,0,0,N,N,0
,0,11124,5017,1,0.36441,2,40,1000,3,190,12,,0,"<LineString><coordinates>-111.931819,40.609416,0.0 -111.938751,40.609407,0.0</coordinates></LineString>","<LineString><coordinates>-111.931819,40.609526,0.0 -111.938751,40.609517,0.0</coordinates></LineString>",0.15,4,0,0,0,0,N,N,0
,0,5017,11146,1,0.24971,3,40,1000,2,190,12,,0,"<LineString><coordinates>-111.938861,40.609520,0.0 -111.938968,40.605901,0.0</coordinates></LineString>","<LineString><coordinates>-111.938751,40.609517,0.0 -111.938858,40.605898,0.0</coordinates></LineString>",0.15,4,0,0,0,0,N,N,0
,0,11146,5017,1,0.24971,3,40,1000,2,190,12,,0,"<LineString><coordinates>-111.938748,40.605895,0.0 -111.938641,40.609514,0.0</coordinates></LineString>","<LineString><coordinates>-111.938858,40.605898,0.0 -111.938751,40.609517,0.0</coordinates></LineString>",0.15,4,0,0,0,0,N,N,0
,0,5018,5436,1,0.50687,3,40,1000,2,190,12,,0,"<LineString><coordinates>-111.938745,40.616735,0.0 -111.938632,40.624083,0.0</coordinates></LineString>","<LineString><coordinates>-111.938855,40.616737,0.0 -111.938742,40.624085,0.0</coordinates></LineString>",0.15,4,0,0,0,0,N,N,0
,0,5436,5018,1,0.50687,3,40,1000,2,190,12,,0,"<LineString><coordinates>-111.938852,40.624087,0.0 -111.938965,40.616739,0.0</coordinates></LineString>","<LineString><coordinates>-111.938742,40.624085,0.0 -111.938855,40.616737,0.0</coordinates></LineString>",0.15,4,0,0,0,0,N,N,0
,0,5022,5524,1,0.19884,2,40,1000,3,190,12,,0,"<LineString><coordinates>-111.929183,40.609307,0.0 -111.925508,40.608623,0.0</coordinates></LineString>","<LineString><coordinates>-111.929163,40.609415,0.0 -111.925488,40.608731,0.0</coordinates></LineString>",0.15,4,0,0,0,0,N,N,0
,0,5524,5022,1,0.19884,2,40,1000,3,190,12,,0,"<LineString><coordinates>-111.925468,40.608839,0.0 -111.929143,40.609523,0.0</coordinates></LineString>","<LineString><coordinates>-111.925488,40.608731,0.0 -111.929163,40.609415,0.0</coordinates></LineString>",0.15,4,0,0,0,0,N,N,0
,0,5022,11124,1,0.13984,2,40,1000,3,190,12,,0,"<LineString><coordinates>-111.929158,40.609525,0.0 -111.931814,40.609636,0.0</coordinates></LineString>","<LineString><coordinates>-111.929163,40.609415,0.0 -111.931819,40.609526,0.0</coordinates></LineString>",0.15,4,0,0,0,0,N,N,0
,0,11124,5022,1,0.13984,2,40,1000,3,190,12,,0,"<LineString><coordinates>-111.931824,40.609416,0.0 -111.929168,40.609305,0.0</coordinates></LineString>","<LineString><coordinates>-111.931819,40.609526,0.0 -111.929163,40.609415,0.0</coordinates></LineString>",0.15,4,0,0,0,0,N,N,0
,0,5022,11147,1,0.11896,1,40,800,4,190,12,,0,"<LineString><coordinates>-111.929273,40.609420,0.0 -111.929345,40.607696,0.0</coordinates></LineString>","<LineString><coordinates>-111.929163,40.609415,0.0 -111.929235,40.607691,0.0</coordinates></LineString>",0.15,4,0,0,0,0,N,N,0
,0,11147,5022,1,0.11896,1,40,800,4,190,12,,0,"<LineString><coordinates>-111.929125,40.607686,0.0 -111.929053,40.609410,0.0</coordinates></LineString>","<LineString><coordinates>-111.929235,40.607691,0.0 -111.929163,40.609415,0.0</coordinates></LineString>",0.15,4,0,0,0,0,N,N,0
,0,5027,11129,1,0.14175,2,40,1000,3,190,12,,0,"<LineString><coordinates>-111.910304,40.610546,0.0 -111.907629,40.610802,0.0</coordinates></LineString>","<LineString><coordinates>-111.910314,40.610655,0.0 -111.907639,40.610911,0.0</coordinates></LineString>",0.15,4,0,0,0,0,N,N,0
,0,11129,5027,1,0.14175,2,40,1000,3,190,12,,0,"<LineString><coordinates>-111.907649,40.611020,0.0 -111.910324,40.610764,0.0</coordinates></LineString>","<LineString><coordinates>-111.907639,40.610911,0.0 -111.910314,40.610655,0.0</coordinates></LineString>",0.15,4,0,0,0,0,N,N,0
,0,5027,11150,1,0.23781,1,40,800,4,190,12,,0,"<LineString><coordinates>-111.910424,40.610656,0.0 -111.910442,40.607208,0.0</coordinates></LineString>","<LineString><coordinates>-111.910314,40.610655,0.0 -111.910332,40.607207,0.0</coordinates></LineString>",0.15,4,0,0,0,0,N,N,0
,0,11150,5027,1,0.23781,1,40,800,4,190,12,,0,"<LineString><coordinates>-111.910222,40.607206,0.0 -111.910204,40.610654,0.0</coordinates></LineString>","<LineString><coordinates>-111.910332,40.607207,0.0 -111.910314,40.610655,0.0</coordinates></LineString>",0.15,4,0,0,0,0,N,N,0
,0,5030,10872,1,0.1514,2,40,1000,3,190,12,,0,"<LineString><coordinates>-111.910228,40.621028,0.0 -111.913100,40.621203,0.0</coordinates></LineString>","<LineString><coordinates>-111.910235,40.620919,0.0 -111.913107,40.621094,0.0</coordinates></LineString>",0.15,4,0,0,0,0,N,N,0
,0,10872,5030,1,0.1514,2,40,1000,3,190,12,,0,"<LineString><coordinates>-111.913114,40.620985,0.0 -111.910242,40.620810,0.0</coordinates></LineString>","<LineString><coordinates>-111.913107,40.621094,0.0 -111.910235,40.620919,0.0</coordinates></LineString>",0.15,4,0,0,0,0,N,N,0
,0,5030,11128,1,0.1357,2,40,1000,3,190,12,,0,"<LineString><coordinates>-111.910238,40.620809,0.0 -111.907658,40.620746,0.0</coordinates></LineString>","<LineString><coordinates>-111.910235,40.620919,0.0 -111.907655,40.620856,0.0</coordinates></LineString>",0.15,4,0,0,0,0,N,N,0
,0,11128,5030,1,0.1357,2,40,1000,3,190,12,,0,"<LineString><coordinates>-111.907652,40.620966,0.0 -111.910232,40.621029,0.0</coordinates></LineString>","<LineString><coordinates>-111.907655,40.620856,0.0 -111.910235,40.620919,0.0</coordinates></LineString>",0.15,4,0,0,0,0,N,N,0
,0,5034,11129,1,0.25358,2,40,1000,3,190,12,,0,"<LineString><coordinates>-111.902815,40.611034,0.0 -111.907639,40.611021,0.0</coordinates></LineString>","<LineString><coordinates>-111.902815,40.610924,0.0 -111.907639,40.610911,0.0</coordinates></LineString>",0.15,4,0,0,0,0,N,N,0
,0,11129,5034,1,0.25358,2,40,1000,3,190,12,,0,"<LineString><coordinates>-111.907639,40.610801,0.0 -111.902815,40.610814,0.0</coordinates></LineString>","<LineString><coordinates>-111.907639,40.610911,0.0 -111.902815,40.610924,0.0</coordinates></LineString>",0.15,4,0,0,0,0,N,N,0
,0,5037,11128,1,0.1519,2,40,1000,3,190,12,,0,"<LineString><coordinates>-111.904765,40.620918,0.0 -111.907653,40.620966,0.0</coordinates></LineString>","<LineString><coordinates>-111.904767,40.620808,0.0 -111.907655,40.620856,0.0</coordinates></LineString>",0.15,4,0,0,0,0,N,N,0
,0,11128,5037,1,0.1519,2,40,1000,3,190,12,,0,"<LineString><coordinates>-111.907657,40.620746,0.0 -111.904769,40.620698,0.0</coordinates></LineString>","<LineString><coordinates>-111.907655,40.620856,0.0 -111.904767,40.620808,0.0</coordinates></LineString>",0.15,4,0,0,0,0,N,N,0
,0,5103,5820,1,0.57457,1,40,800,4,190,12,,0,"<LineString><coordinates>-111.929113,40.594992,0.0 -111.929157,40.603322,0.0</coordinates></LineString>","<LineString><coordinates>-111.929223,40.594991,0.0 -111.929267,40.603321,0.0</coordinates></LineString>",0.15,4,0,0,0,0,N,N,0
,0,5820,5103,1,0.57457,1,40,800,4,190,12,,0,"<LineString><coordinates>-111.929377,40.603320,0.0 -111.929333,40.594990,0.0</coordinates></LineString>","<LineString><coordinates>-111.929267,40.603321,0.0 -111.929223,40.594991,0.0</coordinates></LineString>",0.15,4,0,0,0,0,N,N,0
,0,5103,11161,1,0.2721,1,40,800,4,190,12,,0,"<LineString><coordinates>-111.929333,40.594992,0.0 -111.929382,40.591048,0.0</coordinates></LineString>","<LineString><coordinates>-111.929223,40.594991,0.0 -111.929272,40.591047,0.0</coordinates></LineString>",0.15,4,0,0,0,0,N,N,0
,0,11161,5103,1,0.2721,1,40,800,4,190,12,,0,"<LineString><coordinates>-111.929162,40.591046,0.0 -111.929113,40.594990,0.0</coordinates></LineString>","<LineString><coordinates>-111.929272,40.591047,0.0 -111.929223,40.594991,0.0</coordinates></LineString>",0.15,4,0,0,0,0,N,N,0
,0,5106,5117,1,0.74767,1,40,800,4,190,12,,0,"<LineString><coordinates>-111.910378,40.598557,0.0 -111.910335,40.587717,0.0</coordinates></LineString>","<LineString><coordinates>-111.910268,40.598557,0.0 -111.910225,40.587717,0.0</coordinates></LineString>",0.15,4,0,0,0,0,N,N,0
,0,5117,5106,1,0.74767,1,40,800,4,190,12,,0,"<LineString><coordinates>-111.910115,40.587717,0.0 -111.910158,40.598557,0.0</coordinates></LineString>","<LineString><coordinates>-111.910225,40.587717,0.0 -111.910268,40.598557,0.0</coordinates></LineString>",0.15,4,0,0,0,0,N,N,0
,0,5106,10852,1,0.05505,1,40,800,4,190,12,,0,"<LineString><coordinates>-111.910287,40.598449,0.0 -111.909265,40.598274,0.0</coordinates></LineString>","<LineString><coordinates>-111.910268,40.598557,0.0 -111.909246,40.598382,0.0</coordinates></LineString>",0.15,4,0,0,0,0,N,N,0
,0,10852,5106,1,0.06667,1,40,800,4,190,12,,0,"<LineString><coordinates>-111.909227,40.598490,0.0 -111.910249,40.598665,0.0</coordinates></LineString>","<LineString><coordinates>-111.909246,40.598382,0.0 -111.910268,40.598557,0.0</coordinates></LineString>",0.15,4,0,0,0,0,N,N,0
,0,5109,11150,1,0.08751,1,40,800,4,190,12,,0,"<LineString><coordinates>-111.910205,40.605940,0.0 -111.910222,40.607208,0.0</coordinates></LineString>","<LineString><coordinates>-111.910315,40.605939,0.0 -111.910332,40.607207,0.0</coordinates></LineString>",0.15,4,0,0,0,0,N,N,0
,0,11150,5109,1,0.08751,1,40,800,4,190,12,,0,"<LineString><coordinates>-111.910442,40.607206,0.0 -111.910425,40.605938,0.0</coordinates></LineString>","<LineString><coordinates>-111.910332,40.607207,0.0 -111.910315,40.605939,0.0</coordinates></LineString>",0.15,4,0,0,0,0,N,N,0
,0,5109,11151,1,0.19478,1,30,600,5,190,12,,0,"<LineString><coordinates>-111.910314,40.605829,0.0 -111.906609,40.605850,0.0</coordinates></LineString>","<LineString><coordinates>-111.910315,40.605939,0.0 -111.906610,40.605960,0.0</coordinates></LineString>",0.15,4,0,0,0,0,N,N,0
,0,11151,5109,1,0.19478,1,30,600,5,190,12,,0,"<LineString><coordinates>-111.906611,40.606070,0.0 -111.910316,40.606049,0.0</coordinates></LineString>","<LineString><coordinates>-111.906610,40.605960,0.0 -111.910315,40.605939,0.0</coordinates></LineString>",0.15,4,0,0,0,0,N,N,0
,0,5112,5589,1,0.2454,2,40,1000,2,190,12,,0,"<LineString><coordinates>-111.938730,40.587652,0.0 -111.934063,40.587671,0.0</coordinates></LineString>","<LineString><coordinates>-111.938730,40.587762,0.0 -111.934063,40.587781,0.0</coordinates></LineString>",0.15,4,0,0,0,0,N,N,0
,0,5589,5112,1,0.2454,2,40,1000,2,190,12,,0,"<LineString><coordinates>-111.934063,40.587891,0.0 -111.938730,40.587872,0.0</coordinates></LineString>","<LineString><coordinates>-111.934063,40.587781,0.0 -111.938730,40.587762,0.0</coordinates></LineString>",0.15,4,0,0,0,0,N,N,0
,0,5112,11159,1,0.2563,2,40,1000,2,190,12,,0,"<LineString><coordinates>-111.938730,40.587652,0.0 -111.943604,40.587652,0.0</coordinates></LineString>","<LineString><coordinates>-111.938730,40.587762,0.0 -111.943604,40.587762,0.0</coordinates></LineString>",0.15,4,0,0,0,0,N,N,0
,0,11159,5112,1,0.2563,2,40,1000,2,190,12,,0,"<LineString><coordinates>-111.943604,40.587652,0.0 -111.938730,40.587652,0.0</coordinates></LineString>","<LineString><coordinates>-111.943604,40.587762,0.0 -111.938730,40.587762,0.0</coordinates></LineString>",0.15,4,0,0,0,0,N,N,0
,0,5112,11160,1,0.21279,3,40,1000,2,190,12,,0,"<LineString><coordinates>-111.938620,40.587767,0.0 -111.938768,40.590849,0.0</coordinates></LineString>","<LineString><coordinates>-111.938730,40.587762,0.0 -111.938878,40.590844,0.0</coordinates></LineString>",0.15,4,0,0,0,0,N,N,0
,0,11160,5112,1,0.21279,3,40,1000,2,190,12,,0,"<LineString><coordinates>-111.938988,40.590839,0.0 -111.938840,40.587757,0.0</coordinates></LineString>","<LineString><coordinates>-111.938878,40.590844,0.0 -111.938730,40.587762,0.0</coordinates></LineString>",0.15,4,0,0,0,0,N,N,0
,0,5112,11172,1,0.2477,2,40,1000,2,190,12,,0,"<LineString><coordinates>-111.938840,40.587765,0.0 -111.938929,40.584174,0.0</coordinates></LineString>","<LineString><coordinates>-111.938730,40.587762,0.0 -111.938819,40.584171,0.0</coordinates></LineString>",0.15,4,0,0,0,0,N,N,0
,0,11172,5112,1,0.2477,2,40,1000,2,190,12,,0,"<LineString><coordinates>-111.938709,40.584168,0.0 -111.938620,40.587759,0.0</coordinates></LineString>","<LineString><coordinates>-111.938819,40.584171,0.0 -111.938730,40.587762,0.0</coordinates></LineString>",0.15,4,0,0,0,0,N,N,0
,0,5113,8002,1,0.24204,1,30,600,5,190,12,,0,"<LineString><coordinates>-111.938771,40.594123,0.0 -111.943374,40.594087,0.0</coordinates></LineString>","<LineString><coordinates>-111.938770,40.594013,0.0 -111.943373,40.593977,0.0</coordinates></LineString>",0.15,4,0,0,0,0,N,N,0
,0,8002,5113,1,0.24204,1,30,600,5,190,12,,0,"<LineString><coordinates>-111.943372,40.593867,0.0 -111.938769,40.593903,0.0</coordinates></LineString>","<LineString><coordinates>-111.943373,40.593977,0.0 -111.938770,40.594013,0.0</coordinates></LineString>",0.15,4,0,0,0,0,N,N,0
,0,5113,11148,1,0.34664,3,40,1000,2,190,12,,0,"<LineString><coordinates>-111.938660,40.594014,0.0 -111.938683,40.599040,0.0</coordinates></LineString>","<LineString><coordinates>-111.938770,40.594013,0.0 -111.938793,40.599039,0.0</coordinates></LineString>",0.15,4,0,0,0,0,N,N,0
,0,11148,5113,1,0.34664,3,40,1000,2,190,12,,0,"<LineString><coordinates>-111.938903,40.599038,0.0 -111.938880,40.594012,0.0</coordinates></LineString>","<LineString><coordinates>-111.938793,40.599039,0.0 -111.938770,40.594013,0.0</coordinates></LineString>",0.15,4,0,0,0,0,N,N,0
,0,5113,11160,1,0.21866,3,40,1000,2,190,12,,0,"<LineString><coordinates>-111.938880,40.594017,0.0 -111.938988,40.590848,0.0</coordinates></LineString>","<LineString><coordinates>-111.938770,40.594013,0.0 -111.938878,40.590844,0.0</coordinates></LineString>",0.15,4,0,0,0,0,N,N,0
,0,11160,5113,1,0.21866,3,40,1000,2,190,12,,0,"<LineString><coordinates>-111.938768,40.590840,0.0 -111.938660,40.594009,0.0</coordinates></LineString>","<LineString><coordinates>-111.938878,40.590844,0.0 -111.938770,40.594013,0.0</coordinates></LineString>",0.15,4,0,0,0,0,N,N,0
,0,5114,5589,1,0.256,2,40,1000,2,190,12,,0,"<LineString><coordinates>-111.929195,40.587904,0.0 -111.934063,40.587891,0.0</coordinates></LineString>","<LineString><coordinates>-111.929195,40.587794,0.0 -111.934063,40.587781,0.0</coordinates></LineString>",0.15,4,0,0,0,0,N,N,0
,0,5589,5114,1,0.256,2,40,1000,2,190,12,,0,"<LineString><coordinates>-111.934063,40.587671,0.0 -111.929195,40.587684,0.0</coordinates></LineString>","<LineString><coordinates>-111.934063,40.587781,0.0 -111.929195,40.587794,0.0</coordinates></LineString>",0.15,4,0,0,0,0,N,N,0
,0,5114,5592,1,0.3692,2,40,1000,2,190,12,,0,"<LineString><coordinates>-111.929196,40.587684,0.0 -111.922176,40.587632,0.0</coordinates></LineString>","<LineString><coordinates>-111.929195,40.587794,0.0 -111.922175,40.587742,0.0</coordinates></LineString>",0.15,4,0,0,0,0,N,N,0
,0,5592,5114,1,0.3692,2,40,1000,2,190,12,,0,"<LineString><coordinates>-111.922174,40.587852,0.0 -111.929194,40.587904,0.0</coordinates></LineString>","<LineString><coordinates>-111.922175,40.587742,0.0 -111.929195,40.587794,0.0</coordinates></LineString>",0.15,4,0,0,0,0,N,N,0
,0,5114,11161,1,0.22444,1,40,800,4,190,12,,0,"<LineString><coordinates>-111.929085,40.587797,0.0 -111.929162,40.591050,0.0</coordinates></LineString>","<LineString><coordinates>-111.929195,40.587794,0.0 -111.929272,40.591047,0.0</coordinates></LineString>",0.15,4,0,0,0,0,N,N,0
,0,11161,5114,1,0.22444,1,40,800,4,190,12,,0,"<LineString><coordinates>-111.929382,40.591044,0.0 -111.929305,40.587791,0.0</coordinates></LineString>","<LineString><coordinates>-111.929272,40.591047,0.0 -111.929195,40.587794,0.0</coordinates></LineString>",0.15,4,0,0,0,0,N,N,0
,0,5114,11173,1,0.23625,1,40,800,4,190,12,,0,"<LineString><coordinates>-111.929305,40.587796,0.0 -111.929356,40.584371,0.0</coordinates></LineString>","<LineString><coordinates>-111.929195,40.587794,0.0 -111.929246,40.584369,0.0</coordinates></LineString>",0.15,4,0,0,0,0,N,N,0
,0,11173,5114,1,0.23625,1,40,800,4,190,12,,0,"<LineString><coordinates>-111.929136,40.584367,0.0 -111.929085,40.587792,0.0</coordinates></LineString>","<LineString><coordinates>-111.929246,40.584369,0.0 -111.929195,40.587794,0.0</coordinates></LineString>",0.15,4,0,0,0,0,N,N,0
,0,5117,11255,1,0.1231,2,40,1000,2,190,12,,0,"<LineString><coordinates>-111.910221,40.587607,0.0 -111.907882,40.587703,0.0</coordinates></LineString>","<LineString><coordinates>-111.910225,40.587717,0.0 -111.907886,40.587813,0.0</coordinates></LineString>",0.15,4,0,0,0,0,N,N,0
,0,11255,5117,1,0.1231,2,40,1000,2,190,12,,0,"<LineString><coordinates>-111.907890,40.587923,0.0 -111.910229,40.587827,0.0</coordinates></LineString>","<LineString><coordinates>-111.907886,40.587813,0.0 -111.910225,40.587717,0.0</coordinates></LineString>",0.15,4,0,0,0,0,N,N,0
,0,5118,5727,1,0.1119,2,40,1000,2,190,12,,0,"<LineString><coordinates>-111.904261,40.587904,0.0 -111.902134,40.587890,0.0</coordinates></LineString>","<LineString><coordinates>-111.904260,40.588014,0.0 -111.902133,40.588000,0.0</coordinates></LineString>",0.15,4,0,0,0,0,N,N,0
,0,5727,5118,1,0.1119,2,40,1000,2,190,12,,0,"<LineString><coordinates>-111.902132,40.588110,0.0 -111.904259,40.588124,0.0</coordinates></LineString>","<LineString><coordinates>-111.902133,40.588000,0.0 -111.904260,40.588014,0.0</coordinates></LineString>",0.15,4,0,0,0,0,N,N,0
,0,5118,10854,1,0.09135,1,40,800,4,190,12,,0,"<LineString><coordinates>-111.904369,40.588008,0.0 -111.904302,40.586685,0.0</coordinates></LineString>","<LineString><coordinates>-111.904260,40.588014,0.0 -111.904193,40.586691,0.0</coordinates></LineString>",0.15,4,0,0,0,0,N,N,0
,0,10854,5118,1,0.09135,1,40,800,4,190,12,,0,"<LineString><coordinates>-111.904084,40.586697,0.0 -111.904151,40.588020,0.0</coordinates></LineString>","<LineString><coordinates>-111.904193,40.586691,0.0 -111.904260,40.588014,0.0</coordinates></LineString>",0.15,4,0,0,0,0,N,N,0
,0,5118,11255,1,0.1912,2,40,1000,2,190,12,,0,"<LineString><coordinates>-111.904266,40.588123,0.0 -111.907892,40.587922,0.0</coordinates></LineString>","<LineString><coordinates>-111.904260,40.588014,0.0 -111.907886,40.587813,0.0</coordinates></LineString>",0.15,4,0,0,0,0,N,N,0
,0,11255,5118,1,0.1912,2,40,1000,2,190,12,,0,"<LineString><coordinates>-111.907880,40.587704,0.0 -111.904254,40.587905,0.0</coordinates></LineString>","<LineString><coordinates>-111.907886,40.587813,0.0 -111.904260,40.588014,0.0</coordinates></LineString>",0.15,4,0,0,0,0,N,N,0
,0,5118,11910,1,0.1358,1,40,800,4,190,12,,0,"<LineString><coordinates>-111.904150,40.588014,0.0 -111.904148,40.589983,0.0</coordinates></LineString>","<LineString><coordinates>-111.904260,40.588014,0.0 -111.904258,40.589983,0.0</coordinates></LineString>",0.15,4,0,0,0,0,N,N,0
,0,11910,5118,1,0.1358,1,40,800,4,190,12,,0,"<LineString><coordinates>-111.904368,40.589983,0.0 -111.904370,40.588014,0.0</coordinates></LineString>","<LineString><coordinates>-111.904258,40.589983,0.0 -111.904260,40.588014,0.0</coordinates></LineString>",0.15,4,0,0,0,0,N,N,0
,0,5119,5727,1,0.058,2,40,1000,2,190,12,,0,"<LineString><coordinates>-111.901027,40.588081,0.0 -111.902130,40.588110,0.0</coordinates></LineString>","<LineString><coordinates>-111.901030,40.587971,0.0 -111.902133,40.588000,0.0</coordinates></LineString>",0.15,4,0,0,0,0,N,N,0
,0,5727,5119,1,0.06667,2,40,1000,2,190,12,,0,"<LineString><coordinates>-111.902136,40.587890,0.0 -111.901033,40.587861,0.0</coordinates></LineString>","<LineString><coordinates>-111.902133,40.588000,0.0 -111.901030,40.587971,0.0</coordinates></LineString>",0.15,4,0,0,0,0,N,N,0
,0,5174,5587,1,0.2961,2,40,1000,3,190,12,,0,"<LineString><coordinates>-111.913844,40.559178,0.0 -111.919235,40.560416,0.0</coordinates></LineString>","<LineString><coordinates>-111.913869,40.559071,0.0 -111.919260,40.560309,0.0</coordinates></LineString>",0.15,4,0,0,0,0,N,N,0
,0,5587,5174,1,0.2961,2,40,1000,3,190,12,,0,"<LineString><coordinates>-111.919285,40.560202,0.0 -111.913894,40.558964,0.0</coordinates></LineString>","<LineString><coordinates>-111.919260,40.560309,0.0 -111.913869,40.559071,0.0</coordinates></LineString>",0.15,4,0,0,0,0,N,N,0
,0,5174,5868,1,0.1943,2,40,1000,3,190,12,,0,"<LineString><coordinates>-111.913875,40.558962,0.0 -111.910193,40.558751,0.0</coordinates></LineString>","<LineString><coordinates>-111.913869,40.559071,0.0 -111.910187,40.558860,0.0</coordinates></LineString>",0.15,4,0,0,0,0,N,N,0
,0,5868,5174,1,0.1943,2,40,1000,3,190,12,,0,"<LineString><coordinates>-111.910181,40.558969,0.0 -111.913863,40.559180,0.0</coordinates></LineString>","<LineString><coordinates>-111.910187,40.558860,0.0 -111.913869,40.559071,0.0</coordinates></LineString>",0.15,4,0,0,0,0,N,N,0
,0,5175,5729,1,0.18531,1,40,800,4,190,12,,0,"<LineString><coordinates>-111.904348,40.569586,0.0 -111.900825,40.569599,0.0</coordinates></LineString>","<LineString><coordinates>-111.904348,40.569696,0.0 -111.900825,40.569709,0.0</coordinates></LineString>",0.15,4,0,0,0,0,N,N,0
,0,5729,5175,1,0.18531,1,40,800,4,190,12,,0,"<LineString><coordinates>-111.900825,40.569819,0.0 -111.904348,40.569806,0.0</coordinates></LineString>","<LineString><coordinates>-111.900825,40.569709,0.0 -111.904348,40.569696,0.0</coordinates></LineString>",0.15,4,0,0,0,0,N,N,0
,0,5175,11257,1,0.21167,1,40,800,4,190,12,,0,"<LineString><coordinates>-111.904346,40.569806,0.0 -111.908369,40.569864,0.0</coordinates></LineString>","<LineString><coordinates>-111.904348,40.569696,0.0 -111.908371,40.569754,0.0</coordinates></LineString>",0.15,4,0,0,0,0,N,N,0
,0,11257,5175,1,0.21167,1,40,800,4,190,12,,0,"<LineString><coordinates>-111.908373,40.569644,0.0 -111.904350,40.569586,0.0</coordinates></LineString>","<LineString><coordinates>-111.908371,40.569754,0.0 -111.904348,40.569696,0.0</coordinates></LineString>",0.15,4,0,0,0,0,N,N,0
,0,5208,5209,1,0.3999,2,40,1000,2,190,12,,0,"<LineString><coordinates>-111.938583,40.562286,0.0 -111.938628,40.568084,0.0</coordinates></LineString>","<LineString><coordinates>-111.938693,40.562285,0.0 -111.938738,40.568083,0.0</coordinates></LineString>",0.15,4,0,0,0,0,N,N,0
,0,5209,5208,1,0.3999,2,40,1000,2,190,12,,0,"<LineString><coordinates>-111.938848,40.568082,0.0 -111.938803,40.562284,0.0</coordinates></LineString>","<LineString><coordinates>-111.938738,40.568083,0.0 -111.938693,40.562285,0.0</coordinates></LineString>",0.15,4,0,0,0,0,N,N,0
,0,5208,5238,1,0.6407,1,40,1000,2,190,12,,0,"<LineString><coordinates>-111.938803,40.562286,0.0 -111.938863,40.552998,0.0</coordinates></LineString>","<LineString><coordinates>-111.938693,40.562285,0.0 -111.938753,40.552997,0.0</coordinates></LineString>",0.15,4,0,0,0,0,N,N,0
,0,5238,5208,1,0.6407,1,40,1000,2,190,12,,0,"<LineString><coordinates>-111.938643,40.552996,0.0 -111.938583,40.562284,0.0</coordinates></LineString>","<LineString><coordinates>-111.938753,40.552997,0.0 -111.938693,40.562285,0.0</coordinates></LineString>",0.15,4,0,0,0,0,N,N,0
,0,5208,11261,1,0.2147,2,40,1000,3,190,12,,0,"<LineString><coordinates>-111.938693,40.562175,0.0 -111.934612,40.562188,0.0</coordinates></LineString>","<LineString><coordinates>-111.938693,40.562285,0.0 -111.934612,40.562298,0.0</coordinates></LineString>",0.15,4,0,0,0,0,N,N,0
,0,11261,5208,1,0.2147,2,40,1000,3,190,12,,0,"<LineString><coordinates>-111.934612,40.562408,0.0 -111.938693,40.562395,0.0</coordinates></LineString>","<LineString><coordinates>-111.934612,40.562298,0.0 -111.938693,40.562285,0.0</coordinates></LineString>",0.15,4,0,0,0,0,N,N,0
,0,5208,11282,1,0.2666,1,40,1000,3,190,12,,0,"<LineString><coordinates>-111.938694,40.562395,0.0 -111.943763,40.562357,0.0</coordinates></LineString>","<LineString><coordinates>-111.938693,40.562285,0.0 -111.943762,40.562247,0.0</coordinates></LineString>",0.15,4,0,0,0,0,N,N,0
,0,11282,5208,1,0.2666,1,40,1000,3,190,12,,0,"<LineString><coordinates>-111.943761,40.562137,0.0 -111.938692,40.562175,0.0</coordinates></LineString>","<LineString><coordinates>-111.943762,40.562247,0.0 -111.938693,40.562285,0.0</coordinates></LineString>",0.15,4,0,0,0,0,N,N,0
,0,5209,5211,1,0.3468,2,40,1000,2,190,12,,0,"<LineString><coordinates>-111.938628,40.568082,0.0 -111.938577,40.573110,0.0</coordinates></LineString>","<LineString><coordinates>-111.938738,40.568083,0.0 -111.938687,40.573111,0.0</coordinates></LineString>",0.15,4,0,0,0,0,N,N,0
,0,5211,5209,1,0.3468,2,40,1000,2,190,12,,0,"<LineString><coordinates>-111.938797,40.573112,0.0 -111.938848,40.568084,0.0</coordinates></LineString>","<LineString><coordinates>-111.938687,40.573111,0.0 -111.938738,40.568083,0.0</coordinates></LineString>",0.15,4,0,0,0,0,N,N,0
,0,5210,5211,1,0.2656,2,40,1000,2,190,12,,0,"<LineString><coordinates>-111.938851,40.576959,0.0 -111.938797,40.573109,0.0</coordinates></LineString>","<LineString><coordinates>-111.938741,40.576961,0.0 -111.938687,40.573111,0.0</coordinates></LineString>",0.15,4,0,0,0,0,N,N,0
,0,5211,5210,1,0.2656,2,40,1000,2,190,12,,0,"<LineString><coordinates>-111.938577,40.573113,0.0 -111.938631,40.576963,0.0</coordinates></LineString>","<LineString><coordinates>-111.938687,40.573111,0.0 -111.938741,40.576961,0.0</coordinates></LineString>",0.15,4,0,0,0,0,N,N,0
,0,5210,11172,1,0.4974,2,40,1000,2,190,12,,0,"<LineString><coordinates>-111.938631,40.576962,0.0 -111.938709,40.584172,0.0</coordinates></LineString>","<LineString><coordinates>-111.938741,40.576961,0.0 -111.938819,40.584171,0.0</coordinates></LineString>",0.15,4,0,0,0,0,N,N,0
,0,11172,5210,1,0.4974,2,40,1000,2,190,12,,0,"<LineString><coordinates>-111.938929,40.584170,0.0 -111.938851,40.576960,0.0</coordinates></LineString>","<LineString><coordinates>-111.938819,40.584171,0.0 -111.938741,40.576961,0.0</coordinates></LineString>",0.15,4,0,0,0,0,N,N,0
,0,5211,11180,1,0.30285,1,40,800,4,190,12,,0,"<LineString><coordinates>-111.938684,40.573221,0.0 -111.944439,40.573363,0.0</coordinates></LineString>","<LineString><coordinates>-111.938687,40.573111,0.0 -111.944442,40.573253,0.0</coordinates></LineString>",0.15,4,0,0,0,0,N,N,0
,0,11180,5211,1,0.30285,1,40,800,4,190,12,,0,"<LineString><coordinates>-111.944445,40.573143,0.0 -111.938690,40.573001,0.0</coordinates></LineString>","<LineString><coordinates>-111.944442,40.573253,0.0 -111.938687,40.573111,0.0</coordinates></LineString>",0.15,4,0,0,0,0,N,N,0
,0,5211,11181,1,0.40271,1,40,800,4,190,12,,0,"<LineString><coordinates>-111.938686,40.573001,0.0 -111.931030,40.573063,0.0</coordinates></LineString>","<LineString><coordinates>-111.938687,40.573111,0.0 -111.931031,40.573173,0.0</coordinates></LineString>",0.15,4,0,0,0,0,N,N,0
,0,11181,5211,1,0.40271,1,40,800,4,190,12,,0,"<LineString><coordinates>-111.931032,40.573283,0.0 -111.938688,40.573221,0.0</coordinates></LineString>","<LineString><coordinates>-111.931031,40.573173,0.0 -111.938687,40.573111,0.0</coordinates></LineString>",0.15,4,0,0,0,0,N,N,0
,0,5214,6256,1,0.40314,1,40,800,4,190,12,,0,"<LineString><coordinates>-111.929097,40.562199,0.0 -111.929029,40.568043,0.0</coordinates></LineString>","<LineString><coordinates>-111.929207,40.562200,0.0 -111.929139,40.568044,0.0</coordinates></LineString>",0.15,4,0,0,0,0,N,N,0
,0,6256,5214,1,0.40314,1,40,800,4,190,12,,0,"<LineString><coordinates>-111.929249,40.568045,0.0 -111.929317,40.562201,0.0</coordinates></LineString>","<LineString><coordinates>-111.929139,40.568044,0.0 -111.929207,40.562200,0.0</coordinates></LineString>",0.15,4,0,0,0,0,N,N,0
,0,5214,11259,1,0.1306,2,40,1000,3,190,12,,0,"<LineString><coordinates>-111.929215,40.562091,0.0 -111.926745,40.561900,0.0</coordinates></LineString>","<LineString><coordinates>-111.929207,40.562200,0.0 -111.926737,40.562009,0.0</coordinates></LineString>",0.15,4,0,0,0,0,N,N,0
,0,11259,5214,1,0.1306,2,40,1000,3,190,12,,0,"<LineString><coordinates>-111.926729,40.562118,0.0 -111.929199,40.562309,0.0</coordinates></LineString>","<LineString><coordinates>-111.926737,40.562009,0.0 -111.929207,40.562200,0.0</coordinates></LineString>",0.15,4,0,0,0,0,N,N,0
,0,5214,11261,1,0.2844,2,40,1000,3,190,12,,0,"<LineString><coordinates>-111.929205,40.562310,0.0 -111.934610,40.562408,0.0</coordinates></LineString>","<LineString><coordinates>-111.929207,40.562200,0.0 -111.934612,40.562298,0.0</coordinates></LineString>",0.15,4,0,0,0,0,N,N,0
,0,11261,5214,1,0.2844,2,40,1000,3,190,12,,0,"<LineString><coordinates>-111.934614,40.562188,0.0 -111.929209,40.562090,0.0</coordinates></LineString>","<LineString><coordinates>-111.934612,40.562298,0.0 -111.929207,40.562200,0.0</coordinates></LineString>",0.15,4,0,0,0,0,N,N,0
,0,5214,11281,1,0.44414,1,40,800,4,190,12,,0,"<LineString><coordinates>-111.929317,40.562199,0.0 -111.929263,40.555760,0.0</coordinates></LineString>","<LineString><coordinates>-111.929207,40.562200,0.0 -111.929153,40.555761,0.0</coordinates></LineString>",0.15,4,0,0,0,0,N,N,0
,0,11281,5214,1,0.44414,1,40,800,4,190,12,,0,"<LineString><coordinates>-111.929043,40.555762,0.0 -111.929097,40.562201,0.0</coordinates></LineString>","<LineString><coordinates>-111.929153,40.555761,0.0 -111.929207,40.562200,0.0</coordinates></LineString>",0.15,4,0,0,0,0,N,N,0
,0,5215,5588,1,0.14354,1,40,800,4,190,12,,0,"<LineString><coordinates>-111.919697,40.572346,0.0 -111.917037,40.571880,0.0</coordinates></LineString>","<LineString><coordinates>-111.919678,40.572454,0.0 -111.917018,40.571988,0.0</coordinates></LineString>",0.15,4,0,0,0,0,N,N,0
,0,5588,5215,1,0.14354,1,40,800,4,190,12,,0,"<LineString><coordinates>-111.916999,40.572096,0.0 -111.919659,40.572562,0.0</coordinates></LineString>","<LineString><coordinates>-111.917018,40.571988,0.0 -111.919678,40.572454,0.0</coordinates></LineString>",0.15,4,0,0,0,0,N,N,0
,0,5215,6255,1,0.45409,1,30,600,5,190,12,,0,"<LineString><coordinates>-111.919788,40.572453,0.0 -111.919736,40.565870,0.0</coordinates></LineString>","<LineString><coordinates>-111.919678,40.572454,0.0 -111.919626,40.565871,0.0</coordinates></LineString>",0.15,4,0,0,0,0,N,N,0
,0,6255,5215,1,0.45409,1,30,600,5,190,12,,0,"<LineString><coordinates>-111.919516,40.565872,0.0 -111.919568,40.572455,0.0</coordinates></LineString>","<LineString><coordinates>-111.919626,40.565871,0.0 -111.919678,40.572454,0.0</coordinates></LineString>",0.15,4,0,0,0,0,N,N,0
,0,5215,11183,1,0.19613,1,40,800,4,190,12,,0,"<LineString><coordinates>-111.919677,40.572564,0.0 -111.923405,40.572587,0.0</coordinates></LineString>","<LineString><coordinates>-111.919678,40.572454,0.0 -111.923406,40.572477,0.0</coordinates></LineString>",0.15,4,0,0,0,0,N,N,0
,0,11183,5215,1,0.19613,1,40,800,4,190,12,,0,"<LineString><coordinates>-111.923407,40.572367,0.0 -111.919679,40.572344,0.0</coordinates></LineString>","<LineString><coordinates>-111.923406,40.572477,0.0 -111.919678,40.572454,0.0</coordinates></LineString>",0.15,4,0,0,0,0,N,N,0
,0,5216,5356,1,0.1926,2,40,1000,3,190,12,,0,"<LineString><coordinates>-111.902775,40.558887,0.0 -111.899114,40.558863,0.0</coordinates></LineString>","<LineString><coordinates>-111.902774,40.558997,0.0 -111.899113,40.558973,0.0</coordinates></LineString>",0.15,4,0,0,0,0,N,N,0
,0,5356,5216,1,0.1926,2,40,1000,3,190,12,,0,"<LineString><coordinates>-111.899112,40.559083,0.0 -111.902773,40.559107,0.0</coordinates></LineString>","<LineString><coordinates>-111.899113,40.558973,0.0 -111.902774,40.558997,0.0</coordinates></LineString>",0.15,4,0,0,0,0,N,N,0
,0,5216,5868,1,0.3901,2,40,1000,3,190,12,,0,"<LineString><coordinates>-111.902776,40.559107,0.0 -111.910189,40.558970,0.0</coordinates></LineString>","<LineString><coordinates>-111.902774,40.558997,0.0 -111.910187,40.558860,0.0</coordinates></LineString>",0.15,4,0,0,0,0,N,N,0
,0,5868,5216,1,0.3901,2,40,1000,3,190,12,,0,"<LineString><coordinates>-111.910185,40.558750,0.0 -111.902772,40.558887,0.0</coordinates></LineString>","<LineString><coordinates>-111.910187,40.558860,0.0 -111.902774,40.558997,0.0</coordinates></LineString>",0.15,4,0,0,0,0,N,N,0
,0,5216,10847,1,0.12738,2,40,800,4,190,12,,0,"<LineString><coordinates>-111.902884,40.558996,0.0 -111.902859,40.557150,0.0</coordinates></LineString>","<LineString><coordinates>-111.902774,40.558997,0.0 -111.902749,40.557151,0.0</coordinates></LineString>",0.15,4,0,0,0,0,N,N,0
,0,10847,5216,1,0.12738,2,40,800,4,190,12,,0,"<LineString><coordinates>-111.902639,40.557152,0.0 -111.902664,40.558998,0.0</coordinates></LineString>","<LineString><coordinates>-111.902749,40.557151,0.0 -111.902774,40.558997,0.0</coordinates></LineString>",0.15,4,0,0,0,0,N,N,0
,0,5216,11507,1,0.23461,2,40,800,4,190,12,,0,"<LineString><coordinates>-111.902665,40.558989,0.0 -111.902418,40.562385,0.0</coordinates></LineString>","<LineString><coordinates>-111.902774,40.558997,0.0 -111.902527,40.562393,0.0</coordinates></LineString>",0.15,4,0,0,0,0,N,N,0
,0,11507,5216,1,0.23461,2,40,800,4,190,12,,0,"<LineString><coordinates>-111.902636,40.562401,0.0 -111.902883,40.559005,0.0</coordinates></LineString>","<LineString><coordinates>-111.902527,40.562393,0.0 -111.902774,40.558997,0.0</coordinates></LineString>",0.15,4,0,0,0,0,N,N,0
,0,5219,5232,1,0.29295,1,40,800,4,190,12,,0,"<LineString><coordinates>-111.929282,40.576741,0.0 -111.929311,40.572494,0.0</coordinates></LineString>","<LineString><coordinates>-111.929172,40.576740,0.0 -111.929201,40.572493,0.0</coordinates></LineString>",0.15,4,0,0,0,0,N,N,0
,0,5232,5219,1,0.29295,1,40,800,4,190,12,,0,"<LineString><coordinates>-111.929091,40.572492,0.0 -111.929062,40.576739,0.0</coordinates></LineString>","<LineString><coordinates>-111.929201,40.572493,0.0 -111.929172,40.576740,0.0</coordinates></LineString>",0.15,4,0,0,0,0,N,N,0
,0,5219,11173,1,0.52623,1,40,800,4,190,12,,0,"<LineString><coordinates>-111.929062,40.576741,0.0 -111.929136,40.584370,0.0</coordinates></LineString>","<LineString><coordinates>-111.929172,40.576740,0.0 -111.929246,40.584369,0.0</coordinates></LineString>",0.15,4,0,0,0,0,N,N,0
,0,11173,5219,1,0.52623,1,40,800,4,190,12,,0,"<LineString><coordinates>-111.929356,40.584368,0.0 -111.929282,40.576739,0.0</coordinates></LineString>","<LineString><coordinates>-111.929246,40.584369,0.0 -111.929172,40.576740,0.0</coordinates></LineString>",0.15,4,0,0,0,0,N,N,0
,0,5232,6256,1,0.30692,1,40,800,4,190,12,,0,"<LineString><coordinates>-111.929311,40.572491,0.0 -111.929249,40.568042,0.0</coordinates></LineString>","<LineString><coordinates>-111.929201,40.572493,0.0 -111.929139,40.568044,0.0</coordinates></LineString>",0.15,4,0,0,0,0,N,N,0
,0,6256,5232,1,0.30692,1,40,800,4,190,12,,0,"<LineString><coordinates>-111.929029,40.568046,0.0 -111.929091,40.572495,0.0</coordinates></LineString>","<LineString><coordinates>-111.929139,40.568044,0.0 -111.929201,40.572493,0.0</coordinates></LineString>",0.15,4,0,0,0,0,N,N,0
,0,5232,11182,1,0.05048,1,40,800,4,190,12,,0,"<LineString><coordinates>-111.929191,40.572602,0.0 -111.930144,40.572689,0.0</coordinates></LineString>","<LineString><coordinates>-111.929201,40.572493,0.0 -111.930154,40.572580,0.0</coordinates></LineString>",0.15,4,0,0,0,0,N,N,0
,0,11182,5232,1,0.06667,1,40,800,4,190,12,,0,"<LineString><coordinates>-111.930164,40.572471,0.0 -111.929211,40.572384,0.0</coordinates></LineString>","<LineString><coordinates>-111.930154,40.572580,0.0 -111.929201,40.572493,0.0</coordinates></LineString>",0.15,4,0,0,0,0,N,N,0
,0,5232,11183,1,0.30477,1,40,800,4,190,12,,0,"<LineString><coordinates>-111.929201,40.572383,0.0 -111.923406,40.572367,0.0</coordinates></LineString>","<LineString><coordinates>-111.929201,40.572493,0.0 -111.923406,40.572477,0.0</coordinates></LineString>",0.15,4,0,0,0,0,N,N,0
,0,11183,5232,1,0.30477,1,40,800,4,190,12,,0,"<LineString><coordinates>-111.923406,40.572587,0.0 -111.929201,40.572603,0.0</coordinates></LineString>","<LineString><coordinates>-111.923406,40.572477,0.0 -111.929201,40.572493,0.0</coordinates></LineString>",0.15,4,0,0,0,0,N,N,0
,0,5436,5577,1,0.187,2,40,1000,3,190,12,,0,"<LineString><coordinates>-111.938743,40.624195,0.0 -111.942301,40.624148,0.0</coordinates></LineString>","<LineString><coordinates>-111.938742,40.624085,0.0 -111.942300,40.624038,0.0</coordinates></LineString>",0.15,4,0,0,0,0,N,N,0
,0,5577,5436,1,0.187,2,40,1000,3,190,12,,0,"<LineString><coordinates>-111.942299,40.623928,0.0 -111.938741,40.623975,0.0</coordinates></LineString>","<LineString><coordinates>-111.942300,40.624038,0.0 -111.938742,40.624085,0.0</coordinates></LineString>",0.15,4,0,0,0,0,N,N,0
,0,5436,5578,1,0.43746,3,40,1000,2,190,12,,0,"<LineString><coordinates>-111.938632,40.624085,0.0 -111.938650,40.630427,0.0</coordinates></LineString>","<LineString><coordinates>-111.938742,40.624085,0.0 -111.938760,40.630427,0.0</coordinates></LineString>",0.15,4,0,0,0,0,N,N,0
,0,5578,5436,1,0.43746,3,40,1000,2,190,12,,0,"<LineString><coordinates>-111.938870,40.630427,0.0 -111.938852,40.624085,0.0</coordinates></LineString>","<LineString><coordinates>-111.938760,40.630427,0.0 -111.938742,40.624085,0.0</coordinates></LineString>",0.15,4,0,0,0,0,N,N,0
,0,5436,11125,1,0.2509,2,40,1000,3,190,12,,0,"<LineString><coordinates>-111.938743,40.623975,0.0 -111.933971,40.623914,0.0</coordinates></LineString>","<LineString><coordinates>-111.938742,40.624085,0.0 -111.933970,40.624024,0.0</coordinates></LineString>",0.15,4,0,0,0,0,N,N,0
,0,11125,5436,1,0.2509,2,40,1000,3,190,12,,0,"<LineString><coordinates>-111.933969,40.624134,0.0 -111.938741,40.624195,0.0</coordinates></LineString>","<LineString><coordinates>-111.933970,40.624024,0.0 -111.938742,40.624085,0.0</coordinates></LineString>",0.15,4,0,0,0,0,N,N,0
,0,5440,11125,1,0.2513,2,40,1000,3,190,12,,0,"<LineString><coordinates>-111.929191,40.624227,0.0 -111.933972,40.624134,0.0</coordinates></LineString>","<LineString><coordinates>-111.929189,40.624117,0.0 -111.933970,40.624024,0.0</coordinates></LineString>",0.15,4,0,0,0,0,N,N,0
,0,11125,5440,1,0.2513,2,40,1000,3,190,12,,0,"<LineString><coordinates>-111.933968,40.623914,0.0 -111.929187,40.624007,0.0</coordinates></LineString>","<LineString><coordinates>-111.933970,40.624024,0.0 -111.929189,40.624117,0.0</coordinates></LineString>",0.15,4,0,0,0,0,N,N,0
,0,5440,11127,1,0.2381,2,40,1000,3,190,12,,0,"<LineString><coordinates>-111.929198,40.624008,0.0 -111.924695,40.623637,0.0</coordinates></LineString>","<LineString><coordinates>-111.929189,40.624117,0.0 -111.924686,40.623746,0.0</coordinates></LineString>",0.15,4,0,0,0,0,N,N,0
,0,11127,5440,1,0.2381,2,40,1000,3,190,12,,0,"<LineString><coordinates>-111.924677,40.623855,0.0 -111.929180,40.624226,0.0</coordinates></LineString>","<LineString><coordinates>-111.924686,40.623746,0.0 -111.929189,40.624117,0.0</coordinates></LineString>",0.15,4,0,0,0,0,N,N,0
,0,5440,11827,1,0.18383,1,40,800,4,190,12,,0,"<LineString><coordinates>-111.929079,40.624117,0.0 -111.929082,40.626782,0.0</coordinates></LineString>","<LineString><coordinates>-111.929189,40.624117,0.0 -111.929192,40.626782,0.0</coordinates></LineString>",0.15,4,0,0,0,0,N,N,0
,0,11827,5440,1,0.18383,1,40,800,4,190,12,,0,"<LineString><coordinates>-111.929302,40.626782,0.0 -111.929299,40.624117,0.0</coordinates></LineString>","<LineString><coordinates>-111.929192,40.626782,0.0 -111.929189,40.624117,0.0</coordinates></LineString>",0.15,4,0,0,0,0,N,N,0
,0,5441,5861,1,0.1407,2,40,1000,3,190,12,,0,"<LineString><coordinates>-111.917173,40.623156,0.0 -111.915260,40.621729,0.0</coordinates></LineString>","<LineString><coordinates>-111.917107,40.623244,0.0 -111.915194,40.621817,0.0</coordinates></LineString>",0.15,4,0,0,0,0,N,N,0
,0,5861,5441,1,0.1407,2,40,1000,3,190,12,,0,"<LineString><coordinates>-111.915128,40.621905,0.0 -111.917041,40.623332,0.0</coordinates></LineString>","<LineString><coordinates>-111.915194,40.621817,0.0 -111.917107,40.623244,0.0</coordinates></LineString>",0.15,4,0,0,0,0,N,N,0
,0,5441,11126,1,0.087,2,40,1000,3,190,12,,0,"<LineString><coordinates>-111.917074,40.623349,0.0 -111.918604,40.623829,0.0</coordinates></LineString>","<LineString><coordinates>-111.917107,40.623244,0.0 -111.918637,40.623724,0.0</coordinates></LineString>",0.15,4,0,0,0,0,N,N,0
,0,11126,5441,1,0.087,2,40,1000,3,190,12,,0,"<LineString><coordinates>-111.918670,40.623619,0.0 -111.917140,40.623139,0.0</coordinates></LineString>","<LineString><coordinates>-111.918637,40.623724,0.0 -111.917107,40.623244,0.0</coordinates></LineString>",0.15,4,0,0,0,0,N,N,0
,0,5524,5863,1,0.46967,2,40,1000,3,190,12,,0,"<LineString><coordinates>-111.925469,40.608623,0.0 -111.916765,40.610157,0.0</coordinates></LineString>","<LineString><coordinates>-111.925488,40.608731,0.0 -111.916784,40.610265,0.0</coordinates></LineString>",0.15,4,0,0,0,0,N,N,0
,0,5863,5524,1,0.46967,2,40,1000,3,190,12,,0,"<LineString><coordinates>-111.916803,40.610373,0.0 -111.925507,40.608839,0.0</coordinates></LineString>","<LineString><coordinates>-111.916784,40.610265,0.0 -111.925488,40.608731,0.0</coordinates></LineString>",0.15,4,0,0,0,0,N,N,0
,0,5587,10857,1,0.14587,1,30,600,5,190,12,,0,"<LineString><coordinates>-111.919152,40.560329,0.0 -111.919548,40.562422,0.0</coordinates></LineString>","<LineString><coordinates>-111.919260,40.560309,0.0 -111.919656,40.562402,0.0</coordinates></LineString>",0.15,4,0,0,0,0,N,N,0
,0,10857,5587,1,0.14587,1,30,600,5,190,12,,0,"<LineString><coordinates>-111.919764,40.562382,0.0 -111.919368,40.560289,0.0</coordinates></LineString>","<LineString><coordinates>-111.919656,40.562402,0.0 -111.919260,40.560309,0.0</coordinates></LineString>",0.15,4,0,0,0,0,N,N,0
,0,5587,11259,1,0.4105,2,40,1000,3,190,12,,0,"<LineString><coordinates>-111.919236,40.560416,0.0 -111.926713,40.562116,0.0</coordinates></LineString>","<LineString><coordinates>-111.919260,40.560309,0.0 -111.926737,40.562009,0.0</coordinates></LineString>",0.15,4,0,0,0,0,N,N,0
,0,11259,5587,1,0.4105,2,40,1000,3,190,12,,0,"<LineString><coordinates>-111.926761,40.561902,0.0 -111.919284,40.560202,0.0</coordinates></LineString>","<LineString><coordinates>-111.926737,40.562009,0.0 -111.919260,40.560309,0.0</coordinates></LineString>",0.15,4,0,0,0,0,N,N,0
,0,5588,11184,1,0.17249,1,40,800,4,190,12,,0,"<LineString><coordinates>-111.917006,40.571879,0.0 -111.913758,40.572222,0.0</coordinates></LineString>","<LineString><coordinates>-111.917018,40.571988,0.0 -111.913770,40.572331,0.0</coordinates></LineString>",0.15,4,0,0,0,0,N,N,0
,0,11184,5588,1,0.17249,1,40,800,4,190,12,,0,"<LineString><coordinates>-111.913782,40.572440,0.0 -111.917030,40.572097,0.0</coordinates></LineString>","<LineString><coordinates>-111.913770,40.572331,0.0 -111.917018,40.571988,0.0</coordinates></LineString>",0.15,4,0,0,0,0,N,N,0
,0,5728,5729,1,0.26665,1,40,800,4,190,12,,0,"<LineString><coordinates>-111.900904,40.573576,0.0 -111.900935,40.569710,0.0</coordinates></LineString>","<LineString><coordinates>-111.900794,40.573575,0.0 -111.900825,40.569709,0.0</coordinates></LineString>",0.15,4,0,0,0,0,N,N,0
,0,5729,5728,1,0.26665,1,40,800,4,190,12,,0,"<LineString><coordinates>-111.900715,40.569708,0.0 -111.900684,40.573574,0.0</coordinates></LineString>","<LineString><coordinates>-111.900825,40.569709,0.0 -111.900794,40.573575,0.0</coordinates></LineString>",0.15,4,0,0,0,0,N,N,0
,0,5728,7984,1,0.48791,1,40,800,4,190,12,,0,"<LineString><coordinates>-111.900684,40.573574,0.0 -111.900591,40.580647,0.0</coordinates></LineString>","<LineString><coordinates>-111.900794,40.573575,0.0 -111.900701,40.580648,0.0</coordinates></LineString>",0.15,4,0,0,0,0,N,N,0
,0,7984,5728,1,0.48791,1,40,800,4,190,12,,0,"<LineString><coordinates>-111.900811,40.580649,0.0 -111.900904,40.573576,0.0</coordinates></LineString>","<LineString><coordinates>-111.900701,40.580648,0.0 -111.900794,40.573575,0.0</coordinates></LineString>",0.15,4,0,0,0,0,N,N,0
,0,5729,5929,1,0.1956,2,40,800,4,190,12,,0,"<LineString><coordinates>-111.900825,40.569599,0.0 -111.897106,40.569611,0.0</coordinates></LineString>","<LineString><coordinates>-111.900825,40.569709,0.0 -111.897106,40.569721,0.0</coordinates></LineString>",0.15,4,0,0,0,0,N,N,0
,0,5929,5729,1,0.1956,2,40,800,4,190,12,,0,"<LineString><coordinates>-111.897106,40.569831,0.0 -111.900825,40.569819,0.0</coordinates></LineString>","<LineString><coordinates>-111.897106,40.569721,0.0 -111.900825,40.569709,0.0</coordinates></LineString>",0.15,4,0,0,0,0,N,N,0
,0,5730,8172,1,0.17818,1,40,800,4,190,12,,0,"<LineString><coordinates>-111.905609,40.583282,0.0 -111.905613,40.580699,0.0</coordinates></LineString>","<LineString><coordinates>-111.905499,40.583282,0.0 -111.905503,40.580699,0.0</coordinates></LineString>",0.15,4,0,0,0,0,N,N,0
,0,8172,5730,1,0.17818,1,40,800,4,190,12,,0,"<LineString><coordinates>-111.905393,40.580699,0.0 -111.905389,40.583282,0.0</coordinates></LineString>","<LineString><coordinates>-111.905503,40.580699,0.0 -111.905499,40.583282,0.0</coordinates></LineString>",0.15,4,0,0,0,0,N,N,0
,0,5730,11763,1,0.11226,1,40,800,4,190,12,,0,"<LineString><coordinates>-111.905389,40.583281,0.0 -111.905378,40.584908,0.0</coordinates></LineString>","<LineString><coordinates>-111.905499,40.583282,0.0 -111.905488,40.584909,0.0</coordinates></LineString>",0.15,4,0,0,0,0,N,N,0
,0,11763,5730,1,0.11226,1,40,800,4,190,12,,0,"<LineString><coordinates>-111.905598,40.584910,0.0 -111.905609,40.583283,0.0</coordinates></LineString>","<LineString><coordinates>-111.905488,40.584909,0.0 -111.905499,40.583282,0.0</coordinates></LineString>",0.15,4,0,0,0,0,N,N,0
,0,5736,8116,1,0.32428,1,30,600,5,190,12,,0,"<LineString><coordinates>-111.938696,40.602453,0.0 -111.944863,40.602402,0.0</coordinates></LineString>","<LineString><coordinates>-111.938695,40.602343,0.0 -111.944862,40.602292,0.0</coordinates></LineString>",0.15,4,0,0,0,0,N,N,0
,0,8116,5736,1,0.32428,1,30,600,5,190,12,,0,"<LineString><coordinates>-111.944861,40.602182,0.0 -111.938694,40.602233,0.0</coordinates></LineString>","<LineString><coordinates>-111.944862,40.602292,0.0 -111.938695,40.602343,0.0</coordinates></LineString>",0.15,4,0,0,0,0,N,N,0
,0,5736,11146,1,0.24541,3,40,1000,2,190,12,,0,"<LineString><coordinates>-111.938585,40.602348,0.0 -111.938748,40.605903,0.0</coordinates></LineString>","<LineString><coordinates>-111.938695,40.602343,0.0 -111.938858,40.605898,0.0</coordinates></LineString>",0.15,4,0,0,0,0,N,N,0
,0,11146,5736,1,0.24541,3,40,1000,2,190,12,,0,"<LineString><coordinates>-111.938968,40.605893,0.0 -111.938805,40.602338,0.0</coordinates></LineString>","<LineString><coordinates>-111.938858,40.605898,0.0 -111.938695,40.602343,0.0</coordinates></LineString>",0.15,4,0,0,0,0,N,N,0
,0,5736,11148,1,0.22797,3,40,1000,2,190,12,,0,"<LineString><coordinates>-111.938805,40.602346,0.0 -111.938903,40.599042,0.0</coordinates></LineString>","<LineString><coordinates>-111.938695,40.602343,0.0 -111.938793,40.599039,0.0</coordinates></LineString>",0.15,4,0,0,0,0,N,N,0
,0,11148,5736,1,0.22797,3,40,1000,2,190,12,,0,"<LineString><coordinates>-111.938683,40.599036,0.0 -111.938585,40.602340,0.0</coordinates></LineString>","<LineString><coordinates>-111.938793,40.599039,0.0 -111.938695,40.602343,0.0</coordinates></LineString>",0.15,4,0,0,0,0,N,N,0
,0,5820,11147,1,0.30145,1,40,800,4,190,12,,0,"<LineString><coordinates>-111.929157,40.603320,0.0 -111.929125,40.607690,0.0</coordinates></LineString>","<LineString><coordinates>-111.929267,40.603321,0.0 -111.929235,40.607691,0.0</coordinates></LineString>",0.15,4,0,0,0,0,N,N,0
,0,11147,5820,1,0.30145,1,40,800,4,190,12,,0,"<LineString><coordinates>-111.929345,40.607692,0.0 -111.929377,40.603322,0.0</coordinates></LineString>","<LineString><coordinates>-111.929235,40.607691,0.0 -111.929267,40.603321,0.0</coordinates></LineString>",0.15,4,0,0,0,0,N,N,0
,0,5861,10872,1,0.1205,2,40,1000,3,190,12,,0,"<LineString><coordinates>-111.915230,40.621713,0.0 -111.913143,40.620990,0.0</coordinates></LineString>","<LineString><coordinates>-111.915194,40.621817,0.0 -111.913107,40.621094,0.0</coordinates></LineString>",0.15,4,0,0,0,0,N,N,0
,0,10872,5861,1,0.1205,2,40,1000,3,190,12,,0,"<LineString><coordinates>-111.913071,40.621198,0.0 -111.915158,40.621921,0.0</coordinates></LineString>","<LineString><coordinates>-111.913107,40.621094,0.0 -111.915194,40.621817,0.0</coordinates></LineString>",0.15,4,0,0,0,0,N,N,0
,0,5868,6253,1,0.33901,1,30,600,5,190,12,,0,"<LineString><coordinates>-111.910271,40.558930,0.0 -111.913732,40.554785,0.0</coordinates></LineString>","<LineString><coordinates>-111.910187,40.558860,0.0 -111.913648,40.554715,0.0</coordinates></LineString>",0.15,4,0,0,0,0,N,N,0
,0,6253,5868,1,0.33901,1,30,600,5,190,12,,0,"<LineString><coordinates>-111.913564,40.554645,0.0 -111.910103,40.558790,0.0</coordinates></LineString>","<LineString><coordinates>-111.913648,40.554715,0.0 -111.910187,40.558860,0.0</coordinates></LineString>",0.15,4,0,0,0,0,N,N,0
,0,6185,8172,1,0.34109,1,40,800,4,190,12,,0,"<LineString><coordinates>-111.905404,40.575754,0.0 -111.905393,40.580699,0.0</coordinates></LineString>","<LineString><coordinates>-111.905514,40.575754,0.0 -111.905503,40.580699,0.0</coordinates></LineString>",0.15,4,0,0,0,0,N,N,0
,0,8172,6185,1,0.34109,1,40,800,4,190,12,,0,"<LineString><coordinates>-111.905613,40.580699,0.0 -111.905624,40.575754,0.0</coordinates></LineString>","<LineString><coordinates>-111.905503,40.580699,0.0 -111.905514,40.575754,0.0</coordinates></LineString>",0.15,4,0,0,0,0,N,N,0
,0,6255,10857,1,0.23929,1,30,600,5,190,12,,0,"<LineString><coordinates>-111.919736,40.565872,0.0 -111.919766,40.562403,0.0</coordinates></LineString>","<LineString><coordinates>-111.919626,40.565871,0.0 -111.919656,40.562402,0.0</coordinates></LineString>",0.15,4,0,0,0,0,N,N,0
,0,10857,6255,1,0.23929,1,30,600,5,190,12,,0,"<LineString><coordinates>-111.919546,40.562401,0.0 -111.919516,40.565870,0.0</coordinates></LineString>","<LineString><coordinates>-111.919656,40.562402,0.0 -111.919626,40.565871,0.0</coordinates></LineString>",0.15,4,0,0,0,0,N,N,0
,0,6270,6273,1,0.18795,1,40,800,4,190,12,,0,"<LineString><coordinates>-111.904742,40.593845,0.0 -111.905572,40.596495,0.0</coordinates></LineString>","<LineString><coordinates>-111.904847,40.593812,0.0 -111.905677,40.596462,0.0</coordinates></LineString>",0.15,4,0,0,0,0,N,N,0
,0,6273,6270,1,0.18795,1,40,800,4,190,12,,0,"<LineString><coordinates>-111.905782,40.596429,0.0 -111.904952,40.593779,0.0</coordinates></LineString>","<LineString><coordinates>-111.905677,40.596462,0.0 -111.904847,40.593812,0.0</coordinates></LineString>",0.15,4,0,0,0,0,N,N,0
,0,6270,10853,1,0.10069,1,40,800,4,190,12,,0,"<LineString><coordinates>-111.904952,40.593782,0.0 -111.904547,40.592355,0.0</coordinates></LineString>","<LineString><coordinates>-111.904847,40.593812,0.0 -111.904442,40.592385,0.0</coordinates></LineString>",0.15,4,0,0,0,0,N,N,0
,0,10853,6270,1,0.10069,1,40,800,4,190,12,,0,"<LineString><coordinates>-111.904337,40.592415,0.0 -111.904742,40.593842,0.0</coordinates></LineString>","<LineString><coordinates>-111.904442,40.592385,0.0 -111.904847,40.593812,0.0</coordinates></LineString>",0.15,4,0,0,0,0,N,N,0
,0,6273,10851,1,0.0461,1,40,800,4,190,12,,0,"<LineString><coordinates>-111.905591,40.596530,0.0 -111.906044,40.597102,0.0</coordinates></LineString>","<LineString><coordinates>-111.905677,40.596462,0.0 -111.906130,40.597034,0.0</coordinates></LineString>",0.15,4,0,0,0,0,N,N,0
,0,10851,6273,1,0.06667,1,40,800,4,190,12,,0,"<LineString><coordinates>-111.906216,40.596966,0.0 -111.905763,40.596394,0.0</coordinates></LineString>","<LineString><coordinates>-111.906130,40.597034,0.0 -111.905677,40.596462,0.0</coordinates></LineString>",0.15,4,0,0,0,0,N,N,0
,0,7210,10850,1,0.03781,1,40,800,4,190,12,,0,"<LineString><coordinates>-111.904859,40.585763,0.0 -111.904213,40.585521,0.0</coordinates></LineString>","<LineString><coordinates>-111.904821,40.585866,0.0 -111.904175,40.585624,0.0</coordinates></LineString>",0.15,4,0,0,0,0,N,N,0
,0,10850,7210,1,0.06667,1,40,800,4,190,12,,0,"<LineString><coordinates>-111.904137,40.585727,0.0 -111.904783,40.585969,0.0</coordinates></LineString>","<LineString><coordinates>-111.904175,40.585624,0.0 -111.904821,40.585866,0.0</coordinates></LineString>",0.15,4,0,0,0,0,N,N,0
,0,7210,10854,1,0.06581,1,40,800,4,190,12,,0,"<LineString><coordinates>-111.904734,40.585800,0.0 -111.904106,40.586625,0.0</coordinates></LineString>","<LineString><coordinates>-111.904821,40.585866,0.0 -111.904193,40.586691,0.0</coordinates></LineString>",0.15,4,0,0,0,0,N,N,0
,0,10854,7210,1,0.06667,1,40,800,4,190,12,,0,"<LineString><coordinates>-111.904280,40.586757,0.0 -111.904908,40.585932,0.0</coordinates></LineString>","<LineString><coordinates>-111.904193,40.586691,0.0 -111.904821,40.585866,0.0</coordinates></LineString>",0.15,4,0,0,0,0,N,N,0
,0,7210,11763,1,0.07471,1,40,800,4,190,12,,0,"<LineString><coordinates>-111.904911,40.585929,0.0 -111.905578,40.584972,0.0</coordinates></LineString>","<LineString><coordinates>-111.904821,40.585866,0.0 -111.905488,40.584909,0.0</coordinates></LineString>",0.15,4,0,0,0,0,N,N,0
,0,11763,7210,1,0.07471,1,40,800,4,190,12,,0,"<LineString><coordinates>-111.905398,40.584846,0.0 -111.904731,40.585803,0.0</coordinates></LineString>","<LineString><coordinates>-111.905488,40.584909,0.0 -111.904821,40.585866,0.0</coordinates></LineString>",0.15,4,0,0,0,0,N,N,0
,0,7984,10849,1,0.24947,1,40,800,4,190,12,,0,"<LineString><coordinates>-111.900591,40.580647,0.0 -111.900562,40.584263,0.0</coordinates></LineString>","<LineString><coordinates>-111.900701,40.580648,0.0 -111.900672,40.584264,0.0</coordinates></LineString>",0.15,4,0,0,0,0,N,N,0
,0,10849,7984,1,0.24947,1,40,800,4,190,12,,0,"<LineString><coordinates>-111.900782,40.584265,0.0 -111.900811,40.580649,0.0</coordinates></LineString>","<LineString><coordinates>-111.900672,40.584264,0.0 -111.900701,40.580648,0.0</coordinates></LineString>",0.15,4,0,0,0,0,N,N,0
,0,7984,11489,1,0.10263,1,40,1000,3,190,12,,0,"<LineString><coordinates>-111.900701,40.580538,0.0 -111.902652,40.580537,0.0</coordinates></LineString>","<LineString><coordinates>-111.900701,40.580648,0.0 -111.902652,40.580647,0.0</coordinates></LineString>",0.15,4,0,0,0,0,N,N,0
,0,11489,7984,1,0.10263,1,40,1000,3,190,12,,0,"<LineString><coordinates>-111.902652,40.580537,0.0 -111.900701,40.580538,0.0</coordinates></LineString>","<LineString><coordinates>-111.902652,40.580647,0.0 -111.900701,40.580648,0.0</coordinates></LineString>",0.15,4,0,0,0,0,N,N,0
,0,8172,11489,1,0.14995,1,40,1000,3,190,12,,0,"<LineString><coordinates>-111.905505,40.580589,0.0 -111.902654,40.580537,0.0</coordinates></LineString>","<LineString><coordinates>-111.905503,40.580699,0.0 -111.902652,40.580647,0.0</coordinates></LineString>",0.15,4,0,0,0,0,N,N,0
,0,11489,8172,1,0.14995,1,40,1000,3,190,12,,0,"<LineString><coordinates>-111.902650,40.580757,0.0 -111.905501,40.580809,0.0</coordinates></LineString>","<LineString><coordinates>-111.902652,40.580647,0.0 -111.905503,40.580699,0.0</coordinates></LineString>",0.15,4,0,0,0,0,N,N,0
,0,10851,10852,1,0.18842,1,40,800,4,190,12,,0,"<LineString><coordinates>-111.906086,40.597135,0.0 -111.909202,40.598483,0.0</coordinates></LineString>","<LineString><coordinates>-111.906130,40.597034,0.0 -111.909246,40.598382,0.0</coordinates></LineString>",0.15,4,0,0,0,0,N,N,0
,0,10852,10851,1,0.18842,1,40,800,4,190,12,,0,"<LineString><coordinates>-111.909290,40.598281,0.0 -111.906174,40.596933,0.0</coordinates></LineString>","<LineString><coordinates>-111.909246,40.598382,0.0 -111.906130,40.597034,0.0</coordinates></LineString>",0.15,4,0,0,0,0,N,N,0
,0,10853,11910,1,0.16598,1,40,800,4,190,12,,0,"<LineString><coordinates>-111.904551,40.592377,0.0 -111.904367,40.589975,0.0</coordinates></LineString>","<LineString><coordinates>-111.904442,40.592385,0.0 -111.904258,40.589983,0.0</coordinates></LineString>",0.15,4,0,0,0,0,N,N,0
,0,11910,10853,1,0.16598,1,40,800,4,190,12,,0,"<LineString><coordinates>-111.904149,40.589991,0.0 -111.904333,40.592393,0.0</coordinates></LineString>","<LineString><coordinates>-111.904258,40.589983,0.0 -111.904442,40.592385,0.0</coordinates></LineString>",0.15,4,0,0,0,0,N,N,0
,0,11126,11127,1,0.3179,2,40,1000,3,190,12,,0,"<LineString><coordinates>-111.918637,40.623834,0.0 -111.924686,40.623856,0.0</coordinates></LineString>","<LineString><coordinates>-111.918637,40.623724,0.0 -111.924686,40.623746,0.0</coordinates></LineString>",0.15,4,0,0,0,0,N,N,0
,0,11127,11126,1,0.3179,2,40,1000,3,190,12,,0,"<LineString><coordinates>-111.924686,40.623636,0.0 -111.918637,40.623614,0.0</coordinates></LineString>","<LineString><coordinates>-111.924686,40.623746,0.0 -111.918637,40.623724,0.0</coordinates></LineString>",0.15,4,0,0,0,0,N,N,0
,0,11181,11182,1,0.06164,1,40,800,4,190,12,,0,"<LineString><coordinates>-111.931092,40.573082,0.0 -111.930215,40.572489,0.0</coordinates></LineString>","<LineString><coordinates>-111.931031,40.573173,0.0 -111.930154,40.572580,0.0</coordinates></LineString>",0.15,4,0,0,0,0,N,N,0
,0,11182,11181,1,0.06667,1,40,800,4,190,12,,0,"<LineString><coordinates>-111.930093,40.572671,0.0 -111.930970,40.573264,0.0</coordinates></LineString>","<LineString><coordinates>-111.930154,40.572580,0.0 -111.931031,40.573173,0.0</coordinates></LineString>",0.15,4,0,0,0,0,N,N,0
,0,11184,11257,1,0.33499,1,40,800,4,190,12,,0,"<LineString><coordinates>-111.913817,40.572232,0.0 -111.908418,40.569655,0.0</coordinates></LineString>","<LineString><coordinates>-111.913770,40.572331,0.0 -111.908371,40.569754,0.0</coordinates></LineString>",0.15,4,0,0,0,0,N,N,0
,0,11257,11184,1,0.33499,1,40,800,4,190,12,,0,"<LineString><coordinates>-111.908324,40.569853,0.0 -111.913723,40.572430,0.0</coordinates></LineString>","<LineString><coordinates>-111.908371,40.569754,0.0 -111.913770,40.572331,0.0</coordinates></LineString>",0.15,4,0,0,0,0,N,N,0
,0,5592,5117,1,0.01195,2,40,1000,3,180,12,,0,"<LineString><coordinates>-111.922175,40.587253,0.0 -111.910226,40.587229,0.0</coordinates></LineString>","<LineString><coordinates>-111.922175,40.587363,0.0 -111.910226,40.587339,0.0</coordinates></LineString>",0.15,4,0,0,0,0,N,N,0
,0,5117,5592,1,0.01195,2,40,1000,3,180,12,,0,"<LineString><coordinates>-111.910224,40.588206,0.0 -111.922174,40.588230,0.0</coordinates></LineString>","<LineString><coordinates>-111.910224,40.588096,0.0 -111.922174,40.588120,0.0</coordinates></LineString>",0.15,4,0,0,0,0,N,N,0
,0,5117,1358,1,0.00439,2,40,1000,3,180,12,,0,"<LineString><coordinates>-111.910330,40.587749,0.0 -111.911607,40.583554,0.0</coordinates></LineString>","<LineString><coordinates>-111.910225,40.587717,0.0 -111.911502,40.583522,0.0</coordinates></LineString>",0.15,4,0,0,0,0,N,N,0
,0,1358,5117,1,0.00439,2,40,1000,3,180,12,,0,"<LineString><coordinates>-111.911397,40.583490,0.0 -111.910120,40.587685,0.0</coordinates></LineString>","<LineString><coordinates>-111.911502,40.583522,0.0 -111.910225,40.587717,0.0</coordinates></LineString>",0.15,4,0,0,0,0,N,N,0
,0,1358,3000,1,0.00525,2,40,1000,3,180,12,,0,"<LineString><coordinates>-111.911551,40.583620,0.0 -111.916256,40.581298,0.0</coordinates></LineString>","<LineString><coordinates>-111.911502,40.583522,0.0 -111.916207,40.581200,0.0</coordinates></LineString>",0.15,4,0,0,0,0,N,N,0
,0,3000,1358,1,0.00525,2,40,1000,3,180,12,,0,"<LineString><coordinates>-111.916158,40.581102,0.0 -111.911453,40.583424,0.0</coordinates></LineString>","<LineString><coordinates>-111.916207,40.581200,0.0 -111.911502,40.583522,0.0</coordinates></LineString>",0.15,4,0,0,0,0,N,N,0
,0,3000,1359,1,0.0056,2,40,1000,3,180,12,,0,"<LineString><coordinates>-111.916275,40.581114,0.0 -111.911892,40.577636,0.0</coordinates></LineString>","<LineString><coordinates>-111.916207,40.581200,0.0 -111.911824,40.577722,0.0</coordinates></LineString>",0.15,4,0,0,0,0,N,N,0
,0,1359,3000,1,0.0056,2,40,1000,3,180,12,,0,"<LineString><coordinates>-111.911756,40.577808,0.0 -111.916139,40.581286,0.0</coordinates></LineString>","<LineString><coordinates>-111.911824,40.577722,0.0 -111.916207,40.581200,0.0</coordinates></LineString>",0.15,4,0,0,0,0,N,N,0
,0,3002,1358,1,0.00157,2,50,2000,1,180,12,,0,"<LineString><coordinates>-111.911634,40.581908,0.0 -111.911876,40.583464,0.0</coordinates></LineString>","<LineString><coordinates>-111.911634,40.581908,0.0 -111.911876,40.583464,0.0</coordinates></LineString>",0.15,4,0,0,0,0,N,N,0
,0,1358,3002,1,0.00157,2,50,2000,1,180,12,,0,"<LineString><coordinates>-111.911128,40.583580,0.0 -111.910886,40.582024,0.0</coordinates></LineString>","<LineString><coordinates>-111.911128,40.583580,0.0 -111.910886,40.582024,0.0</coordinates></LineString>",0.15,4,0,0,0,0,N,N,0
,0,3001,3002,1,0.00206,2,50,2000,1,180,12,,0,"<LineString><coordinates>-111.909790,40.580479,0.0 -111.911477,40.581655,0.0</coordinates></LineString>","<LineString><coordinates>-111.909790,40.580479,0.0 -111.911477,40.581655,0.0</coordinates></LineString>",0.15,4,0,0,0,0,N,N,0
,0,3002,3001,1,0.00206,2,50,2000,1,180,12,,0,"<LineString><coordinates>-111.911043,40.582277,0.0 -111.909356,40.581101,0.0</coordinates></LineString>","<LineString><coordinates>-111.911043,40.582277,0.0 -111.909356,40.581101,0.0</coordinates></LineString>",0.15,4,0,0,0,0,N,N,0
,0,3001,8172,1,0.00407,2,40,1000,3,180,12,,0,"<LineString><coordinates>-111.909565,40.581169,0.0 -111.905495,40.581078,0.0</coordinates></LineString>","<LineString><coordinates>-111.909565,40.581169,0.0 -111.905495,40.581078,0.0</coordinates></LineString>",0.15,4,0,0,0,0,N,N,0
,0,8172,3001,1,0.00407,2,40,1000,3,180,12,,0,"<LineString><coordinates>-111.905511,40.580320,0.0 -111.909581,40.580411,0.0</coordinates></LineString>","<LineString><coordinates>-111.905511,40.580320,0.0 -111.909581,40.580411,0.0</coordinates></LineString>",0.15,4,0,0,0,0,N,N,0
